date_key,full_date,year,quarter,month,month_name,day_of_month,day_of_week,week_of_year
20170101,2017-01-01,2017,1,1,January,1,7,52
20170102,2017-01-02,2017,1,1,January,2,1,1
20170103,2017-01-03,2017,1,1,January,3,2,1
20170104,2017-01-04,2017,1,1,January,4,3,1
20170105,2017-01-05,2017,1,1,January,5,4,1
20170106,2017-01-06,2017,1,1,January,6,5,1
20170107,2017-01-07,2017,1,1,January,7,6,1
20170108,2017-01-08,2017,1,1,January,8,7,1
20170109,2017-01-09,2017,1,1,January,9,1,2
20170110,2017-01-10,2017,1,1,January,10,2,2
20170111,2017-01-11,2017,1,1,January,11,3,2
20170112,2017-01-12,2017,1,1,January,12,4,2
20170113,2017-01-13,2017,1,1,January,13,5,2
20170114,2017-01-14,2017,1,1,January,14,6,2
20170115,2017-01-15,2017,1,1,January,15,7,2
20170116,2017-01-16,2017,1,1,January,16,1,3
20170117,2017-01-17,2017,1,1,January,17,2,3
20170118,2017-01-18,2017,1,1,January,18,3,3
20170119,2017-01-19,2017,1,1,January,19,4,3
20170120,2017-01-20,2017,1,1,January,20,5,3
20170121,2017-01-21,2017,1,1,January,21,6,3
20170122,2017-01-22,2017,1,1,January,22,7,3
20170123,2017-01-23,2017,1,1,January,23,1,4
20170124,2017-01-24,2017,1,1,January,24,2,4
20170125,2017-01-25,2017,1,1,January,25,3,4
20170126,2017-01-26,2017,1,1,January,26,4,4
20170127,2017-01-27,2017,1,1,January,27,5,4
20170128,2017-01-28,2017,1,1,January,28,6,4
20170129,2017-01-29,2017,1,1,January,29,7,4
20170130,2017-01-30,2017,1,1,January,30,1,5
20170131,2017-01-31,2017,1,1,January,31,2,5
20170201,2017-02-01,2017,1,2,February,1,3,5
20170202,2017-02-02,2017,1,2,February,2,4,5
20170203,2017-02-03,2017,1,2,February,3,5,5
20170204,2017-02-04,2017,1,2,February,4,6,5
20170205,2017-02-05,2017,1,2,February,5,7,5
20170206,2017-02-06,2017,1,2,February,6,1,6
20170207,2017-02-07,2017,1,2,February,7,2,6
20170208,2017-02-08,2017,1,2,February,8,3,6
20170209,2017-02-09,2017,1,2,February,9,4,6
20170210,2017-02-10,2017,1,2,February,10,5,6
20170211,2017-02-11,2017,1,2,February,11,6,6
20170212,2017-02-12,2017,1,2,February,12,7,6
20170213,2017-02-13,2017,1,2,February,13,1,7
20170214,2017-02-14,2017,1,2,February,14,2,7
20170215,2017-02-15,2017,1,2,February,15,3,7
20170216,2017-02-16,2017,1,2,February,16,4,7
20170217,2017-02-17,2017,1,2,February,17,5,7
20170218,2017-02-18,2017,1,2,February,18,6,7
20170219,2017-02-19,2017,1,2,February,19,7,7
20170220,2017-02-20,2017,1,2,February,20,1,8
20170221,2017-02-21,2017,1,2,February,21,2,8
20170222,2017-02-22,2017,1,2,February,22,3,8
20170223,2017-02-23,2017,1,2,February,23,4,8
20170224,2017-02-24,2017,1,2,February,24,5,8
20170225,2017-02-25,2017,1,2,February,25,6,8
20170226,2017-02-26,2017,1,2,February,26,7,8
20170227,2017-02-27,2017,1,2,February,27,1,9
20170228,2017-02-28,2017,1,2,February,28,2,9
20170301,2017-03-01,2017,1,3,March,1,3,9
20170302,2017-03-02,2017,1,3,March,2,4,9
20170303,2017-03-03,2017,1,3,March,3,5,9
20170304,2017-03-04,2017,1,3,March,4,6,9
20170305,2017-03-05,2017,1,3,March,5,7,9
20170306,2017-03-06,2017,1,3,March,6,1,10
20170307,2017-03-07,2017,1,3,March,7,2,10
20170308,2017-03-08,2017,1,3,March,8,3,10
20170309,2017-03-09,2017,1,3,March,9,4,10
20170310,2017-03-10,2017,1,3,March,10,5,10
20170311,2017-03-11,2017,1,3,March,11,6,10
20170312,2017-03-12,2017,1,3,March,12,7,10
20170313,2017-03-13,2017,1,3,March,13,1,11
20170314,2017-03-14,2017,1,3,March,14,2,11
20170315,2017-03-15,2017,1,3,March,15,3,11
20170316,2017-03-16,2017,1,3,March,16,4,11
20170317,2017-03-17,2017,1,3,March,17,5,11
20170318,2017-03-18,2017,1,3,March,18,6,11
20170319,2017-03-19,2017,1,3,March,19,7,11
20170320,2017-03-20,2017,1,3,March,20,1,12
20170321,2017-03-21,2017,1,3,March,21,2,12
20170322,2017-03-22,2017,1,3,March,22,3,12
20170323,2017-03-23,2017,1,3,March,23,4,12
20170324,2017-03-24,2017,1,3,March,24,5,12
20170325,2017-03-25,2017,1,3,March,25,6,12
20170326,2017-03-26,2017,1,3,March,26,7,12
20170327,2017-03-27,2017,1,3,March,27,1,13
20170328,2017-03-28,2017,1,3,March,28,2,13
20170329,2017-03-29,2017,1,3,March,29,3,13
20170330,2017-03-30,2017,1,3,March,30,4,13
20170331,2017-03-31,2017,1,3,March,31,5,13
20170401,2017-04-01,2017,2,4,April,1,6,13
20170402,2017-04-02,2017,2,4,April,2,7,13
20170403,2017-04-03,2017,2,4,April,3,1,14
20170404,2017-04-04,2017,2,4,April,4,2,14
20170405,2017-04-05,2017,2,4,April,5,3,14
20170406,2017-04-06,2017,2,4,April,6,4,14
20170407,2017-04-07,2017,2,4,April,7,5,14
20170408,2017-04-08,2017,2,4,April,8,6,14
20170409,2017-04-09,2017,2,4,April,9,7,14
20170410,2017-04-10,2017,2,4,April,10,1,15
20170411,2017-04-11,2017,2,4,April,11,2,15
20170412,2017-04-12,2017,2,4,April,12,3,15
20170413,2017-04-13,2017,2,4,April,13,4,15
20170414,2017-04-14,2017,2,4,April,14,5,15
20170415,2017-04-15,2017,2,4,April,15,6,15
20170416,2017-04-16,2017,2,4,April,16,7,15
20170417,2017-04-17,2017,2,4,April,17,1,16
20170418,2017-04-18,2017,2,4,April,18,2,16
20170419,2017-04-19,2017,2,4,April,19,3,16
20170420,2017-04-20,2017,2,4,April,20,4,16
20170421,2017-04-21,2017,2,4,April,21,5,16
20170422,2017-04-22,2017,2,4,April,22,6,16
20170423,2017-04-23,2017,2,4,April,23,7,16
20170424,2017-04-24,2017,2,4,April,24,1,17
20170425,2017-04-25,2017,2,4,April,25,2,17
20170426,2017-04-26,2017,2,4,April,26,3,17
20170427,2017-04-27,2017,2,4,April,27,4,17
20170428,2017-04-28,2017,2,4,April,28,5,17
20170429,2017-04-29,2017,2,4,April,29,6,17
20170430,2017-04-30,2017,2,4,April,30,7,17
20170501,2017-05-01,2017,2,5,May,1,1,18
20170502,2017-05-02,2017,2,5,May,2,2,18
20170503,2017-05-03,2017,2,5,May,3,3,18
20170504,2017-05-04,2017,2,5,May,4,4,18
20170505,2017-05-05,2017,2,5,May,5,5,18
20170506,2017-05-06,2017,2,5,May,6,6,18
20170507,2017-05-07,2017,2,5,May,7,7,18
20170508,2017-05-08,2017,2,5,May,8,1,19
20170509,2017-05-09,2017,2,5,May,9,2,19
20170510,2017-05-10,2017,2,5,May,10,3,19
20170511,2017-05-11,2017,2,5,May,11,4,19
20170512,2017-05-12,2017,2,5,May,12,5,19
20170513,2017-05-13,2017,2,5,May,13,6,19
20170514,2017-05-14,2017,2,5,May,14,7,19
20170515,2017-05-15,2017,2,5,May,15,1,20
20170516,2017-05-16,2017,2,5,May,16,2,20
20170517,2017-05-17,2017,2,5,May,17,3,20
20170518,2017-05-18,2017,2,5,May,18,4,20
20170519,2017-05-19,2017,2,5,May,19,5,20
20170520,2017-05-20,2017,2,5,May,20,6,20
20170521,2017-05-21,2017,2,5,May,21,7,20
20170522,2017-05-22,2017,2,5,May,22,1,21
20170523,2017-05-23,2017,2,5,May,23,2,21
20170524,2017-05-24,2017,2,5,May,24,3,21
20170525,2017-05-25,2017,2,5,May,25,4,21
20170526,2017-05-26,2017,2,5,May,26,5,21
20170527,2017-05-27,2017,2,5,May,27,6,21
20170528,2017-05-28,2017,2,5,May,28,7,21
20170529,2017-05-29,2017,2,5,May,29,1,22
20170530,2017-05-30,2017,2,5,May,30,2,22
20170531,2017-05-31,2017,2,5,May,31,3,22
20170601,2017-06-01,2017,2,6,June,1,4,22
20170602,2017-06-02,2017,2,6,June,2,5,22
20170603,2017-06-03,2017,2,6,June,3,6,22
20170604,2017-06-04,2017,2,6,June,4,7,22
20170605,2017-06-05,2017,2,6,June,5,1,23
20170606,2017-06-06,2017,2,6,June,6,2,23
20170607,2017-06-07,2017,2,6,June,7,3,23
20170608,2017-06-08,2017,2,6,June,8,4,23
20170609,2017-06-09,2017,2,6,June,9,5,23
20170610,2017-06-10,2017,2,6,June,10,6,23
20170611,2017-06-11,2017,2,6,June,11,7,23
20170612,2017-06-12,2017,2,6,June,12,1,24
20170613,2017-06-13,2017,2,6,June,13,2,24
20170614,2017-06-14,2017,2,6,June,14,3,24
20170615,2017-06-15,2017,2,6,June,15,4,24
20170616,2017-06-16,2017,2,6,June,16,5,24
20170617,2017-06-17,2017,2,6,June,17,6,24
20170618,2017-06-18,2017,2,6,June,18,7,24
20170619,2017-06-19,2017,2,6,June,19,1,25
20170620,2017-06-20,2017,2,6,June,20,2,25
20170621,2017-06-21,2017,2,6,June,21,3,25
20170622,2017-06-22,2017,2,6,June,22,4,25
20170623,2017-06-23,2017,2,6,June,23,5,25
20170624,2017-06-24,2017,2,6,June,24,6,25
20170625,2017-06-25,2017,2,6,June,25,7,25
20170626,2017-06-26,2017,2,6,June,26,1,26
20170627,2017-06-27,2017,2,6,June,27,2,26
20170628,2017-06-28,2017,2,6,June,28,3,26
20170629,2017-06-29,2017,2,6,June,29,4,26
20170630,2017-06-30,2017,2,6,June,30,5,26
20170701,2017-07-01,2017,3,7,July,1,6,26
20170702,2017-07-02,2017,3,7,July,2,7,26
20170703,2017-07-03,2017,3,7,July,3,1,27
20170704,2017-07-04,2017,3,7,July,4,2,27
20170705,2017-07-05,2017,3,7,July,5,3,27
20170706,2017-07-06,2017,3,7,July,6,4,27
20170707,2017-07-07,2017,3,7,July,7,5,27
20170708,2017-07-08,2017,3,7,July,8,6,27
20170709,2017-07-09,2017,3,7,July,9,7,27
20170710,2017-07-10,2017,3,7,July,10,1,28
20170711,2017-07-11,2017,3,7,July,11,2,28
20170712,2017-07-12,2017,3,7,July,12,3,28
20170713,2017-07-13,2017,3,7,July,13,4,28
20170714,2017-07-14,2017,3,7,July,14,5,28
20170715,2017-07-15,2017,3,7,July,15,6,28
20170716,2017-07-16,2017,3,7,July,16,7,28
20170717,2017-07-17,2017,3,7,July,17,1,29
20170718,2017-07-18,2017,3,7,July,18,2,29
20170719,2017-07-19,2017,3,7,July,19,3,29
20170720,2017-07-20,2017,3,7,July,20,4,29
20170721,2017-07-21,2017,3,7,July,21,5,29
20170722,2017-07-22,2017,3,7,July,22,6,29
20170723,2017-07-23,2017,3,7,July,23,7,29
20170724,2017-07-24,2017,3,7,July,24,1,30
20170725,2017-07-25,2017,3,7,July,25,2,30
20170726,2017-07-26,2017,3,7,July,26,3,30
20170727,2017-07-27,2017,3,7,July,27,4,30
20170728,2017-07-28,2017,3,7,July,28,5,30
20170729,2017-07-29,2017,3,7,July,29,6,30
20170730,2017-07-30,2017,3,7,July,30,7,30
20170731,2017-07-31,2017,3,7,July,31,1,31
20170801,2017-08-01,2017,3,8,August,1,2,31
20170802,2017-08-02,2017,3,8,August,2,3,31
20170803,2017-08-03,2017,3,8,August,3,4,31
20170804,2017-08-04,2017,3,8,August,4,5,31
20170805,2017-08-05,2017,3,8,August,5,6,31
20170806,2017-08-06,2017,3,8,August,6,7,31
20170807,2017-08-07,2017,3,8,August,7,1,32
20170808,2017-08-08,2017,3,8,August,8,2,32
20170809,2017-08-09,2017,3,8,August,9,3,32
20170810,2017-08-10,2017,3,8,August,10,4,32
20170811,2017-08-11,2017,3,8,August,11,5,32
20170812,2017-08-12,2017,3,8,August,12,6,32
20170813,2017-08-13,2017,3,8,August,13,7,32
20170814,2017-08-14,2017,3,8,August,14,1,33
20170815,2017-08-15,2017,3,8,August,15,2,33
20170816,2017-08-16,2017,3,8,August,16,3,33
20170817,2017-08-17,2017,3,8,August,17,4,33
20170818,2017-08-18,2017,3,8,August,18,5,33
20170819,2017-08-19,2017,3,8,August,19,6,33
20170820,2017-08-20,2017,3,8,August,20,7,33
20170821,2017-08-21,2017,3,8,August,21,1,34
20170822,2017-08-22,2017,3,8,August,22,2,34
20170823,2017-08-23,2017,3,8,August,23,3,34
20170824,2017-08-24,2017,3,8,August,24,4,34
20170825,2017-08-25,2017,3,8,August,25,5,34
20170826,2017-08-26,2017,3,8,August,26,6,34
20170827,2017-08-27,2017,3,8,August,27,7,34
20170828,2017-08-28,2017,3,8,August,28,1,35
20170829,2017-08-29,2017,3,8,August,29,2,35
20170830,2017-08-30,2017,3,8,August,30,3,35
20170831,2017-08-31,2017,3,8,August,31,4,35
20170901,2017-09-01,2017,3,9,September,1,5,35
20170902,2017-09-02,2017,3,9,September,2,6,35
20170903,2017-09-03,2017,3,9,September,3,7,35
20170904,2017-09-04,2017,3,9,September,4,1,36
20170905,2017-09-05,2017,3,9,September,5,2,36
20170906,2017-09-06,2017,3,9,September,6,3,36
20170907,2017-09-07,2017,3,9,September,7,4,36
20170908,2017-09-08,2017,3,9,September,8,5,36
20170909,2017-09-09,2017,3,9,September,9,6,36
20170910,2017-09-10,2017,3,9,September,10,7,36
20170911,2017-09-11,2017,3,9,September,11,1,37
20170912,2017-09-12,2017,3,9,September,12,2,37
20170913,2017-09-13,2017,3,9,September,13,3,37
20170914,2017-09-14,2017,3,9,September,14,4,37
20170915,2017-09-15,2017,3,9,September,15,5,37
20170916,2017-09-16,2017,3,9,September,16,6,37
20170917,2017-09-17,2017,3,9,September,17,7,37
20170918,2017-09-18,2017,3,9,September,18,1,38
20170919,2017-09-19,2017,3,9,September,19,2,38
20170920,2017-09-20,2017,3,9,September,20,3,38
20170921,2017-09-21,2017,3,9,September,21,4,38
20170922,2017-09-22,2017,3,9,September,22,5,38
20170923,2017-09-23,2017,3,9,September,23,6,38
20170924,2017-09-24,2017,3,9,September,24,7,38
20170925,2017-09-25,2017,3,9,September,25,1,39
20170926,2017-09-26,2017,3,9,September,26,2,39
20170927,2017-09-27,2017,3,9,September,27,3,39
20170928,2017-09-28,2017,3,9,September,28,4,39
20170929,2017-09-29,2017,3,9,September,29,5,39
20170930,2017-09-30,2017,3,9,September,30,6,39
20171001,2017-10-01,2017,4,10,October,1,7,39
20171002,2017-10-02,2017,4,10,October,2,1,40
20171003,2017-10-03,2017,4,10,October,3,2,40
20171004,2017-10-04,2017,4,10,October,4,3,40
20171005,2017-10-05,2017,4,10,October,5,4,40
20171006,2017-10-06,2017,4,10,October,6,5,40
20171007,2017-10-07,2017,4,10,October,7,6,40
20171008,2017-10-08,2017,4,10,October,8,7,40
20171009,2017-10-09,2017,4,10,October,9,1,41
20171010,2017-10-10,2017,4,10,October,10,2,41
20171011,2017-10-11,2017,4,10,October,11,3,41
20171012,2017-10-12,2017,4,10,October,12,4,41
20171013,2017-10-13,2017,4,10,October,13,5,41
20171014,2017-10-14,2017,4,10,October,14,6,41
20171015,2017-10-15,2017,4,10,October,15,7,41
20171016,2017-10-16,2017,4,10,October,16,1,42
20171017,2017-10-17,2017,4,10,October,17,2,42
20171018,2017-10-18,2017,4,10,October,18,3,42
20171019,2017-10-19,2017,4,10,October,19,4,42
20171020,2017-10-20,2017,4,10,October,20,5,42
20171021,2017-10-21,2017,4,10,October,21,6,42
20171022,2017-10-22,2017,4,10,October,22,7,42
20171023,2017-10-23,2017,4,10,October,23,1,43
20171024,2017-10-24,2017,4,10,October,24,2,43
20171025,2017-10-25,2017,4,10,October,25,3,43
20171026,2017-10-26,2017,4,10,October,26,4,43
20171027,2017-10-27,2017,4,10,October,27,5,43
20171028,2017-10-28,2017,4,10,October,28,6,43
20171029,2017-10-29,2017,4,10,October,29,7,43
20171030,2017-10-30,2017,4,10,October,30,1,44
20171031,2017-10-31,2017,4,10,October,31,2,44
20171101,2017-11-01,2017,4,11,November,1,3,44
20171102,2017-11-02,2017,4,11,November,2,4,44
20171103,2017-11-03,2017,4,11,November,3,5,44
20171104,2017-11-04,2017,4,11,November,4,6,44
20171105,2017-11-05,2017,4,11,November,5,7,44
20171106,2017-11-06,2017,4,11,November,6,1,45
20171107,2017-11-07,2017,4,11,November,7,2,45
20171108,2017-11-08,2017,4,11,November,8,3,45
20171109,2017-11-09,2017,4,11,November,9,4,45
20171110,2017-11-10,2017,4,11,November,10,5,45
20171111,2017-11-11,2017,4,11,November,11,6,45
20171112,2017-11-12,2017,4,11,November,12,7,45
20171113,2017-11-13,2017,4,11,November,13,1,46
20171114,2017-11-14,2017,4,11,November,14,2,46
20171115,2017-11-15,2017,4,11,November,15,3,46
20171116,2017-11-16,2017,4,11,November,16,4,46
20171117,2017-11-17,2017,4,11,November,17,5,46
20171118,2017-11-18,2017,4,11,November,18,6,46
20171119,2017-11-19,2017,4,11,November,19,7,46
20171120,2017-11-20,2017,4,11,November,20,1,47
20171121,2017-11-21,2017,4,11,November,21,2,47
20171122,2017-11-22,2017,4,11,November,22,3,47
20171123,2017-11-23,2017,4,11,November,23,4,47
20171124,2017-11-24,2017,4,11,November,24,5,47
20171125,2017-11-25,2017,4,11,November,25,6,47
20171126,2017-11-26,2017,4,11,November,26,7,47
20171127,2017-11-27,2017,4,11,November,27,1,48
20171128,2017-11-28,2017,4,11,November,28,2,48
20171129,2017-11-29,2017,4,11,November,29,3,48
20171130,2017-11-30,2017,4,11,November,30,4,48
20171201,2017-12-01,2017,4,12,December,1,5,48
20171202,2017-12-02,2017,4,12,December,2,6,48
20171203,2017-12-03,2017,4,12,December,3,7,48
20171204,2017-12-04,2017,4,12,December,4,1,49
20171205,2017-12-05,2017,4,12,December,5,2,49
20171206,2017-12-06,2017,4,12,December,6,3,49
20171207,2017-12-07,2017,4,12,December,7,4,49
20171208,2017-12-08,2017,4,12,December,8,5,49
20171209,2017-12-09,2017,4,12,December,9,6,49
20171210,2017-12-10,2017,4,12,December,10,7,49
20171211,2017-12-11,2017,4,12,December,11,1,50
20171212,2017-12-12,2017,4,12,December,12,2,50
20171213,2017-12-13,2017,4,12,December,13,3,50
20171214,2017-12-14,2017,4,12,December,14,4,50
20171215,2017-12-15,2017,4,12,December,15,5,50
20171216,2017-12-16,2017,4,12,December,16,6,50
20171217,2017-12-17,2017,4,12,December,17,7,50
20171218,2017-12-18,2017,4,12,December,18,1,51
20171219,2017-12-19,2017,4,12,December,19,2,51
20171220,2017-12-20,2017,4,12,December,20,3,51
20171221,2017-12-21,2017,4,12,December,21,4,51
20171222,2017-12-22,2017,4,12,December,22,5,51
20171223,2017-12-23,2017,4,12,December,23,6,51
20171224,2017-12-24,2017,4,12,December,24,7,51
20171225,2017-12-25,2017,4,12,December,25,1,52
20171226,2017-12-26,2017,4,12,December,26,2,52
20171227,2017-12-27,2017,4,12,December,27,3,52
20171228,2017-12-28,2017,4,12,December,28,4,52
20171229,2017-12-29,2017,4,12,December,29,5,52
20171230,2017-12-30,2017,4,12,December,30,6,52
20171231,2017-12-31,2017,4,12,December,31,7,52
20180101,2018-01-01,2018,1,1,January,1,1,1
20180102,2018-01-02,2018,1,1,January,2,2,1
20180103,2018-01-03,2018,1,1,January,3,3,1
20180104,2018-01-04,2018,1,1,January,4,4,1
20180105,2018-01-05,2018,1,1,January,5,5,1
20180106,2018-01-06,2018,1,1,January,6,6,1
20180107,2018-01-07,2018,1,1,January,7,7,1
20180108,2018-01-08,2018,1,1,January,8,1,2
20180109,2018-01-09,2018,1,1,January,9,2,2
20180110,2018-01-10,2018,1,1,January,10,3,2
20180111,2018-01-11,2018,1,1,January,11,4,2
20180112,2018-01-12,2018,1,1,January,12,5,2
20180113,2018-01-13,2018,1,1,January,13,6,2
20180114,2018-01-14,2018,1,1,January,14,7,2
20180115,2018-01-15,2018,1,1,January,15,1,3
20180116,2018-01-16,2018,1,1,January,16,2,3
20180117,2018-01-17,2018,1,1,January,17,3,3
20180118,2018-01-18,2018,1,1,January,18,4,3
20180119,2018-01-19,2018,1,1,January,19,5,3
20180120,2018-01-20,2018,1,1,January,20,6,3
20180121,2018-01-21,2018,1,1,January,21,7,3
20180122,2018-01-22,2018,1,1,January,22,1,4
20180123,2018-01-23,2018,1,1,January,23,2,4
20180124,2018-01-24,2018,1,1,January,24,3,4
20180125,2018-01-25,2018,1,1,January,25,4,4
20180126,2018-01-26,2018,1,1,January,26,5,4
20180127,2018-01-27,2018,1,1,January,27,6,4
20180128,2018-01-28,2018,1,1,January,28,7,4
20180129,2018-01-29,2018,1,1,January,29,1,5
20180130,2018-01-30,2018,1,1,January,30,2,5
20180131,2018-01-31,2018,1,1,January,31,3,5
20180201,2018-02-01,2018,1,2,February,1,4,5
20180202,2018-02-02,2018,1,2,February,2,5,5
20180203,2018-02-03,2018,1,2,February,3,6,5
20180204,2018-02-04,2018,1,2,February,4,7,5
20180205,2018-02-05,2018,1,2,February,5,1,6
20180206,2018-02-06,2018,1,2,February,6,2,6
20180207,2018-02-07,2018,1,2,February,7,3,6
20180208,2018-02-08,2018,1,2,February,8,4,6
20180209,2018-02-09,2018,1,2,February,9,5,6
20180210,2018-02-10,2018,1,2,February,10,6,6
20180211,2018-02-11,2018,1,2,February,11,7,6
20180212,2018-02-12,2018,1,2,February,12,1,7
20180213,2018-02-13,2018,1,2,February,13,2,7
20180214,2018-02-14,2018,1,2,February,14,3,7
20180215,2018-02-15,2018,1,2,February,15,4,7
20180216,2018-02-16,2018,1,2,February,16,5,7
20180217,2018-02-17,2018,1,2,February,17,6,7
20180218,2018-02-18,2018,1,2,February,18,7,7
20180219,2018-02-19,2018,1,2,February,19,1,8
20180220,2018-02-20,2018,1,2,February,20,2,8
20180221,2018-02-21,2018,1,2,February,21,3,8
20180222,2018-02-22,2018,1,2,February,22,4,8
20180223,2018-02-23,2018,1,2,February,23,5,8
20180224,2018-02-24,2018,1,2,February,24,6,8
20180225,2018-02-25,2018,1,2,February,25,7,8
20180226,2018-02-26,2018,1,2,February,26,1,9
20180227,2018-02-27,2018,1,2,February,27,2,9
20180228,2018-02-28,2018,1,2,February,28,3,9
20180301,2018-03-01,2018,1,3,March,1,4,9
20180302,2018-03-02,2018,1,3,March,2,5,9
20180303,2018-03-03,2018,1,3,March,3,6,9
20180304,2018-03-04,2018,1,3,March,4,7,9
20180305,2018-03-05,2018,1,3,March,5,1,10
20180306,2018-03-06,2018,1,3,March,6,2,10
20180307,2018-03-07,2018,1,3,March,7,3,10
20180308,2018-03-08,2018,1,3,March,8,4,10
20180309,2018-03-09,2018,1,3,March,9,5,10
20180310,2018-03-10,2018,1,3,March,10,6,10
20180311,2018-03-11,2018,1,3,March,11,7,10
20180312,2018-03-12,2018,1,3,March,12,1,11
20180313,2018-03-13,2018,1,3,March,13,2,11
20180314,2018-03-14,2018,1,3,March,14,3,11
20180315,2018-03-15,2018,1,3,March,15,4,11
20180316,2018-03-16,2018,1,3,March,16,5,11
20180317,2018-03-17,2018,1,3,March,17,6,11
20180318,2018-03-18,2018,1,3,March,18,7,11
20180319,2018-03-19,2018,1,3,March,19,1,12
20180320,2018-03-20,2018,1,3,March,20,2,12
20180321,2018-03-21,2018,1,3,March,21,3,12
20180322,2018-03-22,2018,1,3,March,22,4,12
20180323,2018-03-23,2018,1,3,March,23,5,12
20180324,2018-03-24,2018,1,3,March,24,6,12
20180325,2018-03-25,2018,1,3,March,25,7,12
20180326,2018-03-26,2018,1,3,March,26,1,13
20180327,2018-03-27,2018,1,3,March,27,2,13
20180328,2018-03-28,2018,1,3,March,28,3,13
20180329,2018-03-29,2018,1,3,March,29,4,13
20180330,2018-03-30,2018,1,3,March,30,5,13
20180331,2018-03-31,2018,1,3,March,31,6,13
20180401,2018-04-01,2018,2,4,April,1,7,13
20180402,2018-04-02,2018,2,4,April,2,1,14
20180403,2018-04-03,2018,2,4,April,3,2,14
20180404,2018-04-04,2018,2,4,April,4,3,14
20180405,2018-04-05,2018,2,4,April,5,4,14
20180406,2018-04-06,2018,2,4,April,6,5,14
20180407,2018-04-07,2018,2,4,April,7,6,14
20180408,2018-04-08,2018,2,4,April,8,7,14
20180409,2018-04-09,2018,2,4,April,9,1,15
20180410,2018-04-10,2018,2,4,April,10,2,15
20180411,2018-04-11,2018,2,4,April,11,3,15
20180412,2018-04-12,2018,2,4,April,12,4,15
20180413,2018-04-13,2018,2,4,April,13,5,15
20180414,2018-04-14,2018,2,4,April,14,6,15
20180415,2018-04-15,2018,2,4,April,15,7,15
20180416,2018-04-16,2018,2,4,April,16,1,16
20180417,2018-04-17,2018,2,4,April,17,2,16
20180418,2018-04-18,2018,2,4,April,18,3,16
20180419,2018-04-19,2018,2,4,April,19,4,16
20180420,2018-04-20,2018,2,4,April,20,5,16
20180421,2018-04-21,2018,2,4,April,21,6,16
20180422,2018-04-22,2018,2,4,April,22,7,16
20180423,2018-04-23,2018,2,4,April,23,1,17
20180424,2018-04-24,2018,2,4,April,24,2,17
20180425,2018-04-25,2018,2,4,April,25,3,17
20180426,2018-04-26,2018,2,4,April,26,4,17
20180427,2018-04-27,2018,2,4,April,27,5,17
20180428,2018-04-28,2018,2,4,April,28,6,17
20180429,2018-04-29,2018,2,4,April,29,7,17
20180430,2018-04-30,2018,2,4,April,30,1,18
20180501,2018-05-01,2018,2,5,May,1,2,18
20180502,2018-05-02,2018,2,5,May,2,3,18
20180503,2018-05-03,2018,2,5,May,3,4,18
20180504,2018-05-04,2018,2,5,May,4,5,18
20180505,2018-05-05,2018,2,5,May,5,6,18
20180506,2018-05-06,2018,2,5,May,6,7,18
20180507,2018-05-07,2018,2,5,May,7,1,19
20180508,2018-05-08,2018,2,5,May,8,2,19
20180509,2018-05-09,2018,2,5,May,9,3,19
20180510,2018-05-10,2018,2,5,May,10,4,19
20180511,2018-05-11,2018,2,5,May,11,5,19
20180512,2018-05-12,2018,2,5,May,12,6,19
20180513,2018-05-13,2018,2,5,May,13,7,19
20180514,2018-05-14,2018,2,5,May,14,1,20
20180515,2018-05-15,2018,2,5,May,15,2,20
20180516,2018-05-16,2018,2,5,May,16,3,20
20180517,2018-05-17,2018,2,5,May,17,4,20
20180518,2018-05-18,2018,2,5,May,18,5,20
20180519,2018-05-19,2018,2,5,May,19,6,20
20180520,2018-05-20,2018,2,5,May,20,7,20
20180521,2018-05-21,2018,2,5,May,21,1,21
20180522,2018-05-22,2018,2,5,May,22,2,21
20180523,2018-05-23,2018,2,5,May,23,3,21
20180524,2018-05-24,2018,2,5,May,24,4,21
20180525,2018-05-25,2018,2,5,May,25,5,21
20180526,2018-05-26,2018,2,5,May,26,6,21
20180527,2018-05-27,2018,2,5,May,27,7,21
20180528,2018-05-28,2018,2,5,May,28,1,22
20180529,2018-05-29,2018,2,5,May,29,2,22
20180530,2018-05-30,2018,2,5,May,30,3,22
20180531,2018-05-31,2018,2,5,May,31,4,22
20180601,2018-06-01,2018,2,6,June,1,5,22
20180602,2018-06-02,2018,2,6,June,2,6,22
20180603,2018-06-03,2018,2,6,June,3,7,22
20180604,2018-06-04,2018,2,6,June,4,1,23
20180605,2018-06-05,2018,2,6,June,5,2,23
20180606,2018-06-06,2018,2,6,June,6,3,23
20180607,2018-06-07,2018,2,6,June,7,4,23
20180608,2018-06-08,2018,2,6,June,8,5,23
20180609,2018-06-09,2018,2,6,June,9,6,23
20180610,2018-06-10,2018,2,6,June,10,7,23
20180611,2018-06-11,2018,2,6,June,11,1,24
20180612,2018-06-12,2018,2,6,June,12,2,24
20180613,2018-06-13,2018,2,6,June,13,3,24
20180614,2018-06-14,2018,2,6,June,14,4,24
20180615,2018-06-15,2018,2,6,June,15,5,24
20180616,2018-06-16,2018,2,6,June,16,6,24
20180617,2018-06-17,2018,2,6,June,17,7,24
20180618,2018-06-18,2018,2,6,June,18,1,25
20180619,2018-06-19,2018,2,6,June,19,2,25
20180620,2018-06-20,2018,2,6,June,20,3,25
20180621,2018-06-21,2018,2,6,June,21,4,25
20180622,2018-06-22,2018,2,6,June,22,5,25
20180623,2018-06-23,2018,2,6,June,23,6,25
20180624,2018-06-24,2018,2,6,June,24,7,25
20180625,2018-06-25,2018,2,6,June,25,1,26
20180626,2018-06-26,2018,2,6,June,26,2,26
20180627,2018-06-27,2018,2,6,June,27,3,26
20180628,2018-06-28,2018,2,6,June,28,4,26
20180629,2018-06-29,2018,2,6,June,29,5,26
20180630,2018-06-30,2018,2,6,June,30,6,26
20180701,2018-07-01,2018,3,7,July,1,7,26
20180702,2018-07-02,2018,3,7,July,2,1,27
20180703,2018-07-03,2018,3,7,July,3,2,27
20180704,2018-07-04,2018,3,7,July,4,3,27
20180705,2018-07-05,2018,3,7,July,5,4,27
20180706,2018-07-06,2018,3,7,July,6,5,27
20180707,2018-07-07,2018,3,7,July,7,6,27
20180708,2018-07-08,2018,3,7,July,8,7,27
20180709,2018-07-09,2018,3,7,July,9,1,28
20180710,2018-07-10,2018,3,7,July,10,2,28
20180711,2018-07-11,2018,3,7,July,11,3,28
20180712,2018-07-12,2018,3,7,July,12,4,28
20180713,2018-07-13,2018,3,7,July,13,5,28
20180714,2018-07-14,2018,3,7,July,14,6,28
20180715,2018-07-15,2018,3,7,July,15,7,28
20180716,2018-07-16,2018,3,7,July,16,1,29
20180717,2018-07-17,2018,3,7,July,17,2,29
20180718,2018-07-18,2018,3,7,July,18,3,29
20180719,2018-07-19,2018,3,7,July,19,4,29
20180720,2018-07-20,2018,3,7,July,20,5,29
20180721,2018-07-21,2018,3,7,July,21,6,29
20180722,2018-07-22,2018,3,7,July,22,7,29
20180723,2018-07-23,2018,3,7,July,23,1,30
20180724,2018-07-24,2018,3,7,July,24,2,30
20180725,2018-07-25,2018,3,7,July,25,3,30
20180726,2018-07-26,2018,3,7,July,26,4,30
20180727,2018-07-27,2018,3,7,July,27,5,30
20180728,2018-07-28,2018,3,7,July,28,6,30
20180729,2018-07-29,2018,3,7,July,29,7,30
20180730,2018-07-30,2018,3,7,July,30,1,31
20180731,2018-07-31,2018,3,7,July,31,2,31
20180801,2018-08-01,2018,3,8,August,1,3,31
20180802,2018-08-02,2018,3,8,August,2,4,31
20180803,2018-08-03,2018,3,8,August,3,5,31
20180804,2018-08-04,2018,3,8,August,4,6,31
20180805,2018-08-05,2018,3,8,August,5,7,31
20180806,2018-08-06,2018,3,8,August,6,1,32
20180807,2018-08-07,2018,3,8,August,7,2,32
20180808,2018-08-08,2018,3,8,August,8,3,32
20180809,2018-08-09,2018,3,8,August,9,4,32
20180810,2018-08-10,2018,3,8,August,10,5,32
20180811,2018-08-11,2018,3,8,August,11,6,32
20180812,2018-08-12,2018,3,8,August,12,7,32
20180813,2018-08-13,2018,3,8,August,13,1,33
20180814,2018-08-14,2018,3,8,August,14,2,33
20180815,2018-08-15,2018,3,8,August,15,3,33
20180816,2018-08-16,2018,3,8,August,16,4,33
20180817,2018-08-17,2018,3,8,August,17,5,33
20180818,2018-08-18,2018,3,8,August,18,6,33
20180819,2018-08-19,2018,3,8,August,19,7,33
20180820,2018-08-20,2018,3,8,August,20,1,34
20180821,2018-08-21,2018,3,8,August,21,2,34
20180822,2018-08-22,2018,3,8,August,22,3,34
20180823,2018-08-23,2018,3,8,August,23,4,34
20180824,2018-08-24,2018,3,8,August,24,5,34
20180825,2018-08-25,2018,3,8,August,25,6,34
20180826,2018-08-26,2018,3,8,August,26,7,34
20180827,2018-08-27,2018,3,8,August,27,1,35
20180828,2018-08-28,2018,3,8,August,28,2,35
20180829,2018-08-29,2018,3,8,August,29,3,35
20180830,2018-08-30,2018,3,8,August,30,4,35
20180831,2018-08-31,2018,3,8,August,31,5,35
20180901,2018-09-01,2018,3,9,September,1,6,35
20180902,2018-09-02,2018,3,9,September,2,7,35
20180903,2018-09-03,2018,3,9,September,3,1,36
20180904,2018-09-04,2018,3,9,September,4,2,36
20180905,2018-09-05,2018,3,9,September,5,3,36
20180906,2018-09-06,2018,3,9,September,6,4,36
20180907,2018-09-07,2018,3,9,September,7,5,36
20180908,2018-09-08,2018,3,9,September,8,6,36
20180909,2018-09-09,2018,3,9,September,9,7,36
20180910,2018-09-10,2018,3,9,September,10,1,37
20180911,2018-09-11,2018,3,9,September,11,2,37
20180912,2018-09-12,2018,3,9,September,12,3,37
20180913,2018-09-13,2018,3,9,September,13,4,37
20180914,2018-09-14,2018,3,9,September,14,5,37
20180915,2018-09-15,2018,3,9,September,15,6,37
20180916,2018-09-16,2018,3,9,September,16,7,37
20180917,2018-09-17,2018,3,9,September,17,1,38
20180918,2018-09-18,2018,3,9,September,18,2,38
20180919,2018-09-19,2018,3,9,September,19,3,38
20180920,2018-09-20,2018,3,9,September,20,4,38
20180921,2018-09-21,2018,3,9,September,21,5,38
20180922,2018-09-22,2018,3,9,September,22,6,38
20180923,2018-09-23,2018,3,9,September,23,7,38
20180924,2018-09-24,2018,3,9,September,24,1,39
20180925,2018-09-25,2018,3,9,September,25,2,39
20180926,2018-09-26,2018,3,9,September,26,3,39
20180927,2018-09-27,2018,3,9,September,27,4,39
20180928,2018-09-28,2018,3,9,September,28,5,39
20180929,2018-09-29,2018,3,9,September,29,6,39
20180930,2018-09-30,2018,3,9,September,30,7,39
20181001,2018-10-01,2018,4,10,October,1,1,40
20181002,2018-10-02,2018,4,10,October,2,2,40
20181003,2018-10-03,2018,4,10,October,3,3,40
20181004,2018-10-04,2018,4,10,October,4,4,40
20181005,2018-10-05,2018,4,10,October,5,5,40
20181006,2018-10-06,2018,4,10,October,6,6,40
20181007,2018-10-07,2018,4,10,October,7,7,40
20181008,2018-10-08,2018,4,10,October,8,1,41
20181009,2018-10-09,2018,4,10,October,9,2,41
20181010,2018-10-10,2018,4,10,October,10,3,41
20181011,2018-10-11,2018,4,10,October,11,4,41
20181012,2018-10-12,2018,4,10,October,12,5,41
20181013,2018-10-13,2018,4,10,October,13,6,41
20181014,2018-10-14,2018,4,10,October,14,7,41
20181015,2018-10-15,2018,4,10,October,15,1,42
20181016,2018-10-16,2018,4,10,October,16,2,42
20181017,2018-10-17,2018,4,10,October,17,3,42
20181018,2018-10-18,2018,4,10,October,18,4,42
20181019,2018-10-19,2018,4,10,October,19,5,42
20181020,2018-10-20,2018,4,10,October,20,6,42
20181021,2018-10-21,2018,4,10,October,21,7,42
20181022,2018-10-22,2018,4,10,October,22,1,43
20181023,2018-10-23,2018,4,10,October,23,2,43
20181024,2018-10-24,2018,4,10,October,24,3,43
20181025,2018-10-25,2018,4,10,October,25,4,43
20181026,2018-10-26,2018,4,10,October,26,5,43
20181027,2018-10-27,2018,4,10,October,27,6,43
20181028,2018-10-28,2018,4,10,October,28,7,43
20181029,2018-10-29,2018,4,10,October,29,1,44
20181030,2018-10-30,2018,4,10,October,30,2,44
20181031,2018-10-31,2018,4,10,October,31,3,44
20181101,2018-11-01,2018,4,11,November,1,4,44
20181102,2018-11-02,2018,4,11,November,2,5,44
20181103,2018-11-03,2018,4,11,November,3,6,44
20181104,2018-11-04,2018,4,11,November,4,7,44
20181105,2018-11-05,2018,4,11,November,5,1,45
20181106,2018-11-06,2018,4,11,November,6,2,45
20181107,2018-11-07,2018,4,11,November,7,3,45
20181108,2018-11-08,2018,4,11,November,8,4,45
20181109,2018-11-09,2018,4,11,November,9,5,45
20181110,2018-11-10,2018,4,11,November,10,6,45
20181111,2018-11-11,2018,4,11,November,11,7,45
20181112,2018-11-12,2018,4,11,November,12,1,46
20181113,2018-11-13,2018,4,11,November,13,2,46
20181114,2018-11-14,2018,4,11,November,14,3,46
20181115,2018-11-15,2018,4,11,November,15,4,46
20181116,2018-11-16,2018,4,11,November,16,5,46
20181117,2018-11-17,2018,4,11,November,17,6,46
20181118,2018-11-18,2018,4,11,November,18,7,46
20181119,2018-11-19,2018,4,11,November,19,1,47
20181120,2018-11-20,2018,4,11,November,20,2,47
20181121,2018-11-21,2018,4,11,November,21,3,47
20181122,2018-11-22,2018,4,11,November,22,4,47
20181123,2018-11-23,2018,4,11,November,23,5,47
20181124,2018-11-24,2018,4,11,November,24,6,47
20181125,2018-11-25,2018,4,11,November,25,7,47
20181126,2018-11-26,2018,4,11,November,26,1,48
20181127,2018-11-27,2018,4,11,November,27,2,48
20181128,2018-11-28,2018,4,11,November,28,3,48
20181129,2018-11-29,2018,4,11,November,29,4,48
20181130,2018-11-30,2018,4,11,November,30,5,48
20181201,2018-12-01,2018,4,12,December,1,6,48
20181202,2018-12-02,2018,4,12,December,2,7,48
20181203,2018-12-03,2018,4,12,December,3,1,49
20181204,2018-12-04,2018,4,12,December,4,2,49
20181205,2018-12-05,2018,4,12,December,5,3,49
20181206,2018-12-06,2018,4,12,December,6,4,49
20181207,2018-12-07,2018,4,12,December,7,5,49
20181208,2018-12-08,2018,4,12,December,8,6,49
20181209,2018-12-09,2018,4,12,December,9,7,49
20181210,2018-12-10,2018,4,12,December,10,1,50
20181211,2018-12-11,2018,4,12,December,11,2,50
20181212,2018-12-12,2018,4,12,December,12,3,50
20181213,2018-12-13,2018,4,12,December,13,4,50
20181214,2018-12-14,2018,4,12,December,14,5,50
20181215,2018-12-15,2018,4,12,December,15,6,50
20181216,2018-12-16,2018,4,12,December,16,7,50
20181217,2018-12-17,2018,4,12,December,17,1,51
20181218,2018-12-18,2018,4,12,December,18,2,51
20181219,2018-12-19,2018,4,12,December,19,3,51
20181220,2018-12-20,2018,4,12,December,20,4,51
20181221,2018-12-21,2018,4,12,December,21,5,51
20181222,2018-12-22,2018,4,12,December,22,6,51
20181223,2018-12-23,2018,4,12,December,23,7,51
20181224,2018-12-24,2018,4,12,December,24,1,52
20181225,2018-12-25,2018,4,12,December,25,2,52
20181226,2018-12-26,2018,4,12,December,26,3,52
20181227,2018-12-27,2018,4,12,December,27,4,52
20181228,2018-12-28,2018,4,12,December,28,5,52
20181229,2018-12-29,2018,4,12,December,29,6,52
20181230,2018-12-30,2018,4,12,December,30,7,52
20181231,2018-12-31,2018,4,12,December,31,1,1
20190101,2019-01-01,2019,1,1,January,1,2,1
20190102,2019-01-02,2019,1,1,January,2,3,1
20190103,2019-01-03,2019,1,1,January,3,4,1
20190104,2019-01-04,2019,1,1,January,4,5,1
20190105,2019-01-05,2019,1,1,January,5,6,1
20190106,2019-01-06,2019,1,1,January,6,7,1
20190107,2019-01-07,2019,1,1,January,7,1,2
20190108,2019-01-08,2019,1,1,January,8,2,2
20190109,2019-01-09,2019,1,1,January,9,3,2
20190110,2019-01-10,2019,1,1,January,10,4,2
20190111,2019-01-11,2019,1,1,January,11,5,2
20190112,2019-01-12,2019,1,1,January,12,6,2
20190113,2019-01-13,2019,1,1,January,13,7,2
20190114,2019-01-14,2019,1,1,January,14,1,3
20190115,2019-01-15,2019,1,1,January,15,2,3
20190116,2019-01-16,2019,1,1,January,16,3,3
20190117,2019-01-17,2019,1,1,January,17,4,3
20190118,2019-01-18,2019,1,1,January,18,5,3
20190119,2019-01-19,2019,1,1,January,19,6,3
20190120,2019-01-20,2019,1,1,January,20,7,3
20190121,2019-01-21,2019,1,1,January,21,1,4
20190122,2019-01-22,2019,1,1,January,22,2,4
20190123,2019-01-23,2019,1,1,January,23,3,4
20190124,2019-01-24,2019,1,1,January,24,4,4
20190125,2019-01-25,2019,1,1,January,25,5,4
20190126,2019-01-26,2019,1,1,January,26,6,4
20190127,2019-01-27,2019,1,1,January,27,7,4
20190128,2019-01-28,2019,1,1,January,28,1,5
20190129,2019-01-29,2019,1,1,January,29,2,5
20190130,2019-01-30,2019,1,1,January,30,3,5
20190131,2019-01-31,2019,1,1,January,31,4,5
20190201,2019-02-01,2019,1,2,February,1,5,5
20190202,2019-02-02,2019,1,2,February,2,6,5
20190203,2019-02-03,2019,1,2,February,3,7,5
20190204,2019-02-04,2019,1,2,February,4,1,6
20190205,2019-02-05,2019,1,2,February,5,2,6
20190206,2019-02-06,2019,1,2,February,6,3,6
20190207,2019-02-07,2019,1,2,February,7,4,6
20190208,2019-02-08,2019,1,2,February,8,5,6
20190209,2019-02-09,2019,1,2,February,9,6,6
20190210,2019-02-10,2019,1,2,February,10,7,6
20190211,2019-02-11,2019,1,2,February,11,1,7
20190212,2019-02-12,2019,1,2,February,12,2,7
20190213,2019-02-13,2019,1,2,February,13,3,7
20190214,2019-02-14,2019,1,2,February,14,4,7
20190215,2019-02-15,2019,1,2,February,15,5,7
20190216,2019-02-16,2019,1,2,February,16,6,7
20190217,2019-02-17,2019,1,2,February,17,7,7
20190218,2019-02-18,2019,1,2,February,18,1,8
20190219,2019-02-19,2019,1,2,February,19,2,8
20190220,2019-02-20,2019,1,2,February,20,3,8
20190221,2019-02-21,2019,1,2,February,21,4,8
20190222,2019-02-22,2019,1,2,February,22,5,8
20190223,2019-02-23,2019,1,2,February,23,6,8
20190224,2019-02-24,2019,1,2,February,24,7,8
20190225,2019-02-25,2019,1,2,February,25,1,9
20190226,2019-02-26,2019,1,2,February,26,2,9
20190227,2019-02-27,2019,1,2,February,27,3,9
20190228,2019-02-28,2019,1,2,February,28,4,9
20190301,2019-03-01,2019,1,3,March,1,5,9
20190302,2019-03-02,2019,1,3,March,2,6,9
20190303,2019-03-03,2019,1,3,March,3,7,9
20190304,2019-03-04,2019,1,3,March,4,1,10
20190305,2019-03-05,2019,1,3,March,5,2,10
20190306,2019-03-06,2019,1,3,March,6,3,10
20190307,2019-03-07,2019,1,3,March,7,4,10
20190308,2019-03-08,2019,1,3,March,8,5,10
20190309,2019-03-09,2019,1,3,March,9,6,10
20190310,2019-03-10,2019,1,3,March,10,7,10
20190311,2019-03-11,2019,1,3,March,11,1,11
20190312,2019-03-12,2019,1,3,March,12,2,11
20190313,2019-03-13,2019,1,3,March,13,3,11
20190314,2019-03-14,2019,1,3,March,14,4,11
20190315,2019-03-15,2019,1,3,March,15,5,11
20190316,2019-03-16,2019,1,3,March,16,6,11
20190317,2019-03-17,2019,1,3,March,17,7,11
20190318,2019-03-18,2019,1,3,March,18,1,12
20190319,2019-03-19,2019,1,3,March,19,2,12
20190320,2019-03-20,2019,1,3,March,20,3,12
20190321,2019-03-21,2019,1,3,March,21,4,12
20190322,2019-03-22,2019,1,3,March,22,5,12
20190323,2019-03-23,2019,1,3,March,23,6,12
20190324,2019-03-24,2019,1,3,March,24,7,12
20190325,2019-03-25,2019,1,3,March,25,1,13
20190326,2019-03-26,2019,1,3,March,26,2,13
20190327,2019-03-27,2019,1,3,March,27,3,13
20190328,2019-03-28,2019,1,3,March,28,4,13
20190329,2019-03-29,2019,1,3,March,29,5,13
20190330,2019-03-30,2019,1,3,March,30,6,13
20190331,2019-03-31,2019,1,3,March,31,7,13
20190401,2019-04-01,2019,2,4,April,1,1,14
20190402,2019-04-02,2019,2,4,April,2,2,14
20190403,2019-04-03,2019,2,4,April,3,3,14
20190404,2019-04-04,2019,2,4,April,4,4,14
20190405,2019-04-05,2019,2,4,April,5,5,14
20190406,2019-04-06,2019,2,4,April,6,6,14
20190407,2019-04-07,2019,2,4,April,7,7,14
20190408,2019-04-08,2019,2,4,April,8,1,15
20190409,2019-04-09,2019,2,4,April,9,2,15
20190410,2019-04-10,2019,2,4,April,10,3,15
20190411,2019-04-11,2019,2,4,April,11,4,15
20190412,2019-04-12,2019,2,4,April,12,5,15
20190413,2019-04-13,2019,2,4,April,13,6,15
20190414,2019-04-14,2019,2,4,April,14,7,15
20190415,2019-04-15,2019,2,4,April,15,1,16
20190416,2019-04-16,2019,2,4,April,16,2,16
20190417,2019-04-17,2019,2,4,April,17,3,16
20190418,2019-04-18,2019,2,4,April,18,4,16
20190419,2019-04-19,2019,2,4,April,19,5,16
20190420,2019-04-20,2019,2,4,April,20,6,16
20190421,2019-04-21,2019,2,4,April,21,7,16
20190422,2019-04-22,2019,2,4,April,22,1,17
20190423,2019-04-23,2019,2,4,April,23,2,17
20190424,2019-04-24,2019,2,4,April,24,3,17
20190425,2019-04-25,2019,2,4,April,25,4,17
20190426,2019-04-26,2019,2,4,April,26,5,17
20190427,2019-04-27,2019,2,4,April,27,6,17
20190428,2019-04-28,2019,2,4,April,28,7,17
20190429,2019-04-29,2019,2,4,April,29,1,18
20190430,2019-04-30,2019,2,4,April,30,2,18
20190501,2019-05-01,2019,2,5,May,1,3,18
20190502,2019-05-02,2019,2,5,May,2,4,18
20190503,2019-05-03,2019,2,5,May,3,5,18
20190504,2019-05-04,2019,2,5,May,4,6,18
20190505,2019-05-05,2019,2,5,May,5,7,18
20190506,2019-05-06,2019,2,5,May,6,1,19
20190507,2019-05-07,2019,2,5,May,7,2,19
20190508,2019-05-08,2019,2,5,May,8,3,19
20190509,2019-05-09,2019,2,5,May,9,4,19
20190510,2019-05-10,2019,2,5,May,10,5,19
20190511,2019-05-11,2019,2,5,May,11,6,19
20190512,2019-05-12,2019,2,5,May,12,7,19
20190513,2019-05-13,2019,2,5,May,13,1,20
20190514,2019-05-14,2019,2,5,May,14,2,20
20190515,2019-05-15,2019,2,5,May,15,3,20
20190516,2019-05-16,2019,2,5,May,16,4,20
20190517,2019-05-17,2019,2,5,May,17,5,20
20190518,2019-05-18,2019,2,5,May,18,6,20
20190519,2019-05-19,2019,2,5,May,19,7,20
20190520,2019-05-20,2019,2,5,May,20,1,21
20190521,2019-05-21,2019,2,5,May,21,2,21
20190522,2019-05-22,2019,2,5,May,22,3,21
20190523,2019-05-23,2019,2,5,May,23,4,21
20190524,2019-05-24,2019,2,5,May,24,5,21
20190525,2019-05-25,2019,2,5,May,25,6,21
20190526,2019-05-26,2019,2,5,May,26,7,21
20190527,2019-05-27,2019,2,5,May,27,1,22
20190528,2019-05-28,2019,2,5,May,28,2,22
20190529,2019-05-29,2019,2,5,May,29,3,22
20190530,2019-05-30,2019,2,5,May,30,4,22
20190531,2019-05-31,2019,2,5,May,31,5,22
20190601,2019-06-01,2019,2,6,June,1,6,22
20190602,2019-06-02,2019,2,6,June,2,7,22
20190603,2019-06-03,2019,2,6,June,3,1,23
20190604,2019-06-04,2019,2,6,June,4,2,23
20190605,2019-06-05,2019,2,6,June,5,3,23
20190606,2019-06-06,2019,2,6,June,6,4,23
20190607,2019-06-07,2019,2,6,June,7,5,23
20190608,2019-06-08,2019,2,6,June,8,6,23
20190609,2019-06-09,2019,2,6,June,9,7,23
20190610,2019-06-10,2019,2,6,June,10,1,24
20190611,2019-06-11,2019,2,6,June,11,2,24
20190612,2019-06-12,2019,2,6,June,12,3,24
20190613,2019-06-13,2019,2,6,June,13,4,24
20190614,2019-06-14,2019,2,6,June,14,5,24
20190615,2019-06-15,2019,2,6,June,15,6,24
20190616,2019-06-16,2019,2,6,June,16,7,24
20190617,2019-06-17,2019,2,6,June,17,1,25
20190618,2019-06-18,2019,2,6,June,18,2,25
20190619,2019-06-19,2019,2,6,June,19,3,25
20190620,2019-06-20,2019,2,6,June,20,4,25
20190621,2019-06-21,2019,2,6,June,21,5,25
20190622,2019-06-22,2019,2,6,June,22,6,25
20190623,2019-06-23,2019,2,6,June,23,7,25
20190624,2019-06-24,2019,2,6,June,24,1,26
20190625,2019-06-25,2019,2,6,June,25,2,26
20190626,2019-06-26,2019,2,6,June,26,3,26
20190627,2019-06-27,2019,2,6,June,27,4,26
20190628,2019-06-28,2019,2,6,June,28,5,26
20190629,2019-06-29,2019,2,6,June,29,6,26
20190630,2019-06-30,2019,2,6,June,30,7,26
20190701,2019-07-01,2019,3,7,July,1,1,27
20190702,2019-07-02,2019,3,7,July,2,2,27
20190703,2019-07-03,2019,3,7,July,3,3,27
20190704,2019-07-04,2019,3,7,July,4,4,27
20190705,2019-07-05,2019,3,7,July,5,5,27
20190706,2019-07-06,2019,3,7,July,6,6,27
20190707,2019-07-07,2019,3,7,July,7,7,27
20190708,2019-07-08,2019,3,7,July,8,1,28
20190709,2019-07-09,2019,3,7,July,9,2,28
20190710,2019-07-10,2019,3,7,July,10,3,28
20190711,2019-07-11,2019,3,7,July,11,4,28
20190712,2019-07-12,2019,3,7,July,12,5,28
20190713,2019-07-13,2019,3,7,July,13,6,28
20190714,2019-07-14,2019,3,7,July,14,7,28
20190715,2019-07-15,2019,3,7,July,15,1,29
20190716,2019-07-16,2019,3,7,July,16,2,29
20190717,2019-07-17,2019,3,7,July,17,3,29
20190718,2019-07-18,2019,3,7,July,18,4,29
20190719,2019-07-19,2019,3,7,July,19,5,29
20190720,2019-07-20,2019,3,7,July,20,6,29
20190721,2019-07-21,2019,3,7,July,21,7,29
20190722,2019-07-22,2019,3,7,July,22,1,30
20190723,2019-07-23,2019,3,7,July,23,2,30
20190724,2019-07-24,2019,3,7,July,24,3,30
20190725,2019-07-25,2019,3,7,July,25,4,30
20190726,2019-07-26,2019,3,7,July,26,5,30
20190727,2019-07-27,2019,3,7,July,27,6,30
20190728,2019-07-28,2019,3,7,July,28,7,30
20190729,2019-07-29,2019,3,7,July,29,1,31
20190730,2019-07-30,2019,3,7,July,30,2,31
20190731,2019-07-31,2019,3,7,July,31,3,31
20190801,2019-08-01,2019,3,8,August,1,4,31
20190802,2019-08-02,2019,3,8,August,2,5,31
20190803,2019-08-03,2019,3,8,August,3,6,31
20190804,2019-08-04,2019,3,8,August,4,7,31
20190805,2019-08-05,2019,3,8,August,5,1,32
20190806,2019-08-06,2019,3,8,August,6,2,32
20190807,2019-08-07,2019,3,8,August,7,3,32
20190808,2019-08-08,2019,3,8,August,8,4,32
20190809,2019-08-09,2019,3,8,August,9,5,32
20190810,2019-08-10,2019,3,8,August,10,6,32
20190811,2019-08-11,2019,3,8,August,11,7,32
20190812,2019-08-12,2019,3,8,August,12,1,33
20190813,2019-08-13,2019,3,8,August,13,2,33
20190814,2019-08-14,2019,3,8,August,14,3,33
20190815,2019-08-15,2019,3,8,August,15,4,33
20190816,2019-08-16,2019,3,8,August,16,5,33
20190817,2019-08-17,2019,3,8,August,17,6,33
20190818,2019-08-18,2019,3,8,August,18,7,33
20190819,2019-08-19,2019,3,8,August,19,1,34
20190820,2019-08-20,2019,3,8,August,20,2,34
20190821,2019-08-21,2019,3,8,August,21,3,34
20190822,2019-08-22,2019,3,8,August,22,4,34
20190823,2019-08-23,2019,3,8,August,23,5,34
20190824,2019-08-24,2019,3,8,August,24,6,34
20190825,2019-08-25,2019,3,8,August,25,7,34
20190826,2019-08-26,2019,3,8,August,26,1,35
20190827,2019-08-27,2019,3,8,August,27,2,35
20190828,2019-08-28,2019,3,8,August,28,3,35
20190829,2019-08-29,2019,3,8,August,29,4,35
20190830,2019-08-30,2019,3,8,August,30,5,35
20190831,2019-08-31,2019,3,8,August,31,6,35
20190901,2019-09-01,2019,3,9,September,1,7,35
20190902,2019-09-02,2019,3,9,September,2,1,36
20190903,2019-09-03,2019,3,9,September,3,2,36
20190904,2019-09-04,2019,3,9,September,4,3,36
20190905,2019-09-05,2019,3,9,September,5,4,36
20190906,2019-09-06,2019,3,9,September,6,5,36
20190907,2019-09-07,2019,3,9,September,7,6,36
20190908,2019-09-08,2019,3,9,September,8,7,36
20190909,2019-09-09,2019,3,9,September,9,1,37
20190910,2019-09-10,2019,3,9,September,10,2,37
20190911,2019-09-11,2019,3,9,September,11,3,37
20190912,2019-09-12,2019,3,9,September,12,4,37
20190913,2019-09-13,2019,3,9,September,13,5,37
20190914,2019-09-14,2019,3,9,September,14,6,37
20190915,2019-09-15,2019,3,9,September,15,7,37
20190916,2019-09-16,2019,3,9,September,16,1,38
20190917,2019-09-17,2019,3,9,September,17,2,38
20190918,2019-09-18,2019,3,9,September,18,3,38
20190919,2019-09-19,2019,3,9,September,19,4,38
20190920,2019-09-20,2019,3,9,September,20,5,38
20190921,2019-09-21,2019,3,9,September,21,6,38
20190922,2019-09-22,2019,3,9,September,22,7,38
20190923,2019-09-23,2019,3,9,September,23,1,39
20190924,2019-09-24,2019,3,9,September,24,2,39
20190925,2019-09-25,2019,3,9,September,25,3,39
20190926,2019-09-26,2019,3,9,September,26,4,39
20190927,2019-09-27,2019,3,9,September,27,5,39
20190928,2019-09-28,2019,3,9,September,28,6,39
20190929,2019-09-29,2019,3,9,September,29,7,39
20190930,2019-09-30,2019,3,9,September,30,1,40
20191001,2019-10-01,2019,4,10,October,1,2,40
20191002,2019-10-02,2019,4,10,October,2,3,40
20191003,2019-10-03,2019,4,10,October,3,4,40
20191004,2019-10-04,2019,4,10,October,4,5,40
20191005,2019-10-05,2019,4,10,October,5,6,40
20191006,2019-10-06,2019,4,10,October,6,7,40
20191007,2019-10-07,2019,4,10,October,7,1,41
20191008,2019-10-08,2019,4,10,October,8,2,41
20191009,2019-10-09,2019,4,10,October,9,3,41
20191010,2019-10-10,2019,4,10,October,10,4,41
20191011,2019-10-11,2019,4,10,October,11,5,41
20191012,2019-10-12,2019,4,10,October,12,6,41
20191013,2019-10-13,2019,4,10,October,13,7,41
20191014,2019-10-14,2019,4,10,October,14,1,42
20191015,2019-10-15,2019,4,10,October,15,2,42
20191016,2019-10-16,2019,4,10,October,16,3,42
20191017,2019-10-17,2019,4,10,October,17,4,42
20191018,2019-10-18,2019,4,10,October,18,5,42
20191019,2019-10-19,2019,4,10,October,19,6,42
20191020,2019-10-20,2019,4,10,October,20,7,42
20191021,2019-10-21,2019,4,10,October,21,1,43
20191022,2019-10-22,2019,4,10,October,22,2,43
20191023,2019-10-23,2019,4,10,October,23,3,43
20191024,2019-10-24,2019,4,10,October,24,4,43
20191025,2019-10-25,2019,4,10,October,25,5,43
20191026,2019-10-26,2019,4,10,October,26,6,43
20191027,2019-10-27,2019,4,10,October,27,7,43
20191028,2019-10-28,2019,4,10,October,28,1,44
20191029,2019-10-29,2019,4,10,October,29,2,44
20191030,2019-10-30,2019,4,10,October,30,3,44
20191031,2019-10-31,2019,4,10,October,31,4,44
20191101,2019-11-01,2019,4,11,November,1,5,44
20191102,2019-11-02,2019,4,11,November,2,6,44
20191103,2019-11-03,2019,4,11,November,3,7,44
20191104,2019-11-04,2019,4,11,November,4,1,45
20191105,2019-11-05,2019,4,11,November,5,2,45
20191106,2019-11-06,2019,4,11,November,6,3,45
20191107,2019-11-07,2019,4,11,November,7,4,45
20191108,2019-11-08,2019,4,11,November,8,5,45
20191109,2019-11-09,2019,4,11,November,9,6,45
20191110,2019-11-10,2019,4,11,November,10,7,45
20191111,2019-11-11,2019,4,11,November,11,1,46
20191112,2019-11-12,2019,4,11,November,12,2,46
20191113,2019-11-13,2019,4,11,November,13,3,46
20191114,2019-11-14,2019,4,11,November,14,4,46
20191115,2019-11-15,2019,4,11,November,15,5,46
20191116,2019-11-16,2019,4,11,November,16,6,46
20191117,2019-11-17,2019,4,11,November,17,7,46
20191118,2019-11-18,2019,4,11,November,18,1,47
20191119,2019-11-19,2019,4,11,November,19,2,47
20191120,2019-11-20,2019,4,11,November,20,3,47
20191121,2019-11-21,2019,4,11,November,21,4,47
20191122,2019-11-22,2019,4,11,November,22,5,47
20191123,2019-11-23,2019,4,11,November,23,6,47
20191124,2019-11-24,2019,4,11,November,24,7,47
20191125,2019-11-25,2019,4,11,November,25,1,48
20191126,2019-11-26,2019,4,11,November,26,2,48
20191127,2019-11-27,2019,4,11,November,27,3,48
20191128,2019-11-28,2019,4,11,November,28,4,48
20191129,2019-11-29,2019,4,11,November,29,5,48
20191130,2019-11-30,2019,4,11,November,30,6,48
20191201,2019-12-01,2019,4,12,December,1,7,48
20191202,2019-12-02,2019,4,12,December,2,1,49
20191203,2019-12-03,2019,4,12,December,3,2,49
20191204,2019-12-04,2019,4,12,December,4,3,49
20191205,2019-12-05,2019,4,12,December,5,4,49
20191206,2019-12-06,2019,4,12,December,6,5,49
20191207,2019-12-07,2019,4,12,December,7,6,49
20191208,2019-12-08,2019,4,12,December,8,7,49
20191209,2019-12-09,2019,4,12,December,9,1,50
20191210,2019-12-10,2019,4,12,December,10,2,50
20191211,2019-12-11,2019,4,12,December,11,3,50
20191212,2019-12-12,2019,4,12,December,12,4,50
20191213,2019-12-13,2019,4,12,December,13,5,50
20191214,2019-12-14,2019,4,12,December,14,6,50
20191215,2019-12-15,2019,4,12,December,15,7,50
20191216,2019-12-16,2019,4,12,December,16,1,51
20191217,2019-12-17,2019,4,12,December,17,2,51
20191218,2019-12-18,2019,4,12,December,18,3,51
20191219,2019-12-19,2019,4,12,December,19,4,51
20191220,2019-12-20,2019,4,12,December,20,5,51
20191221,2019-12-21,2019,4,12,December,21,6,51
20191222,2019-12-22,2019,4,12,December,22,7,51
20191223,2019-12-23,2019,4,12,December,23,1,52
20191224,2019-12-24,2019,4,12,December,24,2,52
20191225,2019-12-25,2019,4,12,December,25,3,52
20191226,2019-12-26,2019,4,12,December,26,4,52
20191227,2019-12-27,2019,4,12,December,27,5,52
20191228,2019-12-28,2019,4,12,December,28,6,52
20191229,2019-12-29,2019,4,12,December,29,7,52
20191230,2019-12-30,2019,4,12,December,30,1,1
20191231,2019-12-31,2019,4,12,December,31,2,1
