product_key,product_id,category_name_pt,category_name_en,weight_g
1,2d3d7ed96b8049ff9b4af5d88c11c79e,esporte_lazer,sports_leisure,3981
2,b6f172788ba84bd3a46112ee0649db5c,automotivo,auto,1502
3,48ed0f2b65f540069d15b27aece1c29e,brinquedos,toys,3609
4,9b0e4ac9dbc84fe68d05e232c0ce2a21,automotivo,auto,555
5,49609ce23cd54df1a907d7d6ea87b9cf,telefonia,telephony,2225
6,a8076441277c410da530cdf4fbeb0511,telefonia,telephony,2671
7,5c871f3f35ef42808fecbcb3e6f549d8,beleza_saude,health_beauty,425
8,4f6bcc525e594b52902551ceed99e429,telefonia,telephony,4877
9,07759cda858a4a7daead2ca1731c814b,brinquedos,toys,2578
10,d9382339b69d4b4cbc17e601844a6990,relogios_presentes,watches_gifts,1821
11,6b68d013d3e24fb9873f565995cb22f0,automotivo,auto,4401
12,a01fb9b5f8c849f0837ebe2182325f7d,cama_mesa_banho,bed_bath_table,1336
13,a07775d85f03481bbc9cfc7877070426,beleza_saude,health_beauty,328
14,cb4cc6a559fc4437aa9b5be6a60a39c1,beleza_saude,health_beauty,1367
15,3f1f42b8148c4616995f65dc85f5e585,automotivo,auto,905
16,6e9670c39e694a0289db579ac1bc4d00,cama_mesa_banho,bed_bath_table,3278
17,078c371130c840a5b2de58d3a0519dc1,beleza_saude,health_beauty,1180
18,c133b30e95e740219d61b66446d0ff97,esporte_lazer,sports_leisure,3275
19,616a0de2321c48d7b22b83c6df5f2dd6,moveis_decoracao,furniture_decor,4289
20,38d84a0506ba4fdabb24af532d5d293d,brinquedos,toys,2690
21,345809a2126b4343bfec56aa2a8d9f16,utilidades_domesticas,housewares,3489
22,ec30306b6268459a8ee60035387407e7,moveis_decoracao,furniture_decor,3754
23,62e49ef028f94a0daf1d9548a051bb57,telefonia,telephony,1886
24,9e6b7e3c8516498b986a23f98abd5daa,utilidades_domesticas,housewares,2707
25,cd883bfbcac54639bb545492da061a2d,cama_mesa_banho,bed_bath_table,866
26,41c99161861b415a9159d9a0fe328812,brinquedos,toys,2395
27,a3e945bd0c314476bd5efc2930b82c77,utilidades_domesticas,housewares,957
28,aac0cdcff44547ec928f26aeab7cdfda,informatica_acessorios,computers_accessories,938
29,a6c7607b39664b649fa5cfd5aea5dbc8,utilidades_domesticas,housewares,4488
30,99ebce5de3184589986a16e8e7961102,relogios_presentes,watches_gifts,406
31,e8020a5073764efca24d5410fd8a0ac7,telefonia,telephony,537
32,90544dc6746941f58f07d486698a4975,informatica_acessorios,computers_accessories,3592
33,e10480b761024d3e945c00312d9fd615,relogios_presentes,watches_gifts,302
34,4cdc171f1cec4c25ad225be00ee5f139,relogios_presentes,watches_gifts,3638
35,750f4a1dc60b4d3a9cc5c9f8df4d751f,utilidades_domesticas,housewares,4245
36,4e15671b8a0f4a9eba6cd5b8e3e7a969,brinquedos,toys,1412
37,61e5e7feca5a45b3a8cce027c724bdfb,esporte_lazer,sports_leisure,4270
38,26a68f39539e4612b55df3f28c2940a8,moveis_decoracao,furniture_decor,826
39,1c456e659155442a83a9605fa921949a,informatica_acessorios,computers_accessories,1534
40,99328ac30b3140fbb891947a9bd449e8,utilidades_domesticas,housewares,2183
41,c1a0e608a06648f7a69c96b5544a1fe9,relogios_presentes,watches_gifts,1798
42,beb6a77ba3e74d40ba332dfeae24db5c,relogios_presentes,watches_gifts,1547
43,aa54fe2f79d34d968dc82aa26a126887,brinquedos,toys,774
44,1cd7ea7106664ab3b82841a986286df3,brinquedos,toys,3720
45,7ff01c0664364abaa5751a05d258e340,esporte_lazer,sports_leisure,870
46,32276ee420ae4f9baf6268c23cc66369,beleza_saude,health_beauty,2556
47,05a3a1ae2a824b2cae9aa10348b52218,relogios_presentes,watches_gifts,4707
48,20673b9a51c84802b8370318cafa70d9,telefonia,telephony,1152
49,55a59dd923c64c3abae95621cc8a187f,esporte_lazer,sports_leisure,2077
50,1e192f6fc4d94cf7b4d44dca05a19600,cama_mesa_banho,bed_bath_table,2949
51,e73d46bde6c346b4a0b5223a288c8af2,brinquedos,toys,4669
52,01a2e162e71d4baebcb561917f105188,telefonia,telephony,3192
53,26bf8630b46d4222af372ea26c1a9202,beleza_saude,health_beauty,3328
54,a33fc612756941f2bae3c5900c4c9ce6,cama_mesa_banho,bed_bath_table,1903
55,b3eaafcc9e214a49b59eb1ccb00147e2,automotivo,auto,3685
56,6ad0da2659784588b9be7758d2fc2c5d,relogios_presentes,watches_gifts,232
57,5bcf6abb234f4fcaac9a71a21ca4e56b,telefonia,telephony,1326
58,319a8a9a5da24575b64c77d1564407c5,relogios_presentes,watches_gifts,320
59,a8a6d1acd087426e966316b1ee004365,moveis_decoracao,furniture_decor,2590
60,392057b0eaee419c8e94fa5fd571fa04,informatica_acessorios,computers_accessories,1001
61,6ee213734d9f451fa501a36f457ba0c6,telefonia,telephony,644
62,2a420196eebd43e89723cd54a03f2449,utilidades_domesticas,housewares,2843
63,76281501b3b14e48be28d7cfafc91713,esporte_lazer,sports_leisure,3693
64,dda1e9d24d764532814ddd7c0c1dc682,beleza_saude,health_beauty,315
65,b29ae416afdd40ff90a6e3a26127434c,automotivo,auto,2840
66,30c48493f9544740b55fd8b6080b2b4c,moveis_decoracao,furniture_decor,2195
67,f6a52733c953480bbc68d4a00e8ed1da,esporte_lazer,sports_leisure,1973
68,0838f7638bb1431e91600541da648217,telefonia,telephony,2170
69,0fa0e03c16624b089470a691c452a201,beleza_saude,health_beauty,4853
70,113327d5313e45e68a32ba963a4ff2cd,beleza_saude,health_beauty,4919
71,7740e21617cb4d0c9d341ae7196c2bab,telefonia,telephony,620
72,d9280330a1db4619a5c4335d07453f58,informatica_acessorios,computers_accessories,2438
73,49d95608eb3f4f51942e41835008fde7,relogios_presentes,watches_gifts,1691
74,ac14520beded4bd6a61146acb40ba7c9,utilidades_domesticas,housewares,918
75,60a96eba840c45939580869adb55cfbd,moveis_decoracao,furniture_decor,4870
76,5d063ed10917464b9ca857dd92497d29,beleza_saude,health_beauty,4043
77,5c11cbe5c9fd42ea9e0bb0e61b8fd904,beleza_saude,health_beauty,735
78,3ff9840714f54530b8c9545b623b2085,cama_mesa_banho,bed_bath_table,4396
79,c7a09223fe16400390fa4f8dbfd7f695,esporte_lazer,sports_leisure,3430
80,b319a48045484e1d89b008aa30c5d13f,cama_mesa_banho,bed_bath_table,1721
81,3e425b5e24f34266af766f5117f8cf65,beleza_saude,health_beauty,1707
82,f62befaca12149e284e2c60d13145f30,cama_mesa_banho,bed_bath_table,1615
83,0017f2e7769f48eaa467afeda7f4ac9c,utilidades_domesticas,housewares,2774
84,864bfbca22e543c2a9d1111e5d630d89,beleza_saude,health_beauty,323
85,771afaf297bf4f23946122984e7cf274,cama_mesa_banho,bed_bath_table,2197
86,f771208d9d684e0d96128315bda9be15,brinquedos,toys,3391
87,ba9f574784c74426aab098f3c5e5b024,automotivo,auto,1219
88,95de75afaf174ac19e27442887369880,utilidades_domesticas,housewares,1608
89,0aea9db47c7e4fafbe6cc45f27ba19da,relogios_presentes,watches_gifts,883
90,2e923e3c50f549658b642e693cfab9f5,beleza_saude,health_beauty,4476
91,8045435f964d4746ab6d86b9c708b83a,brinquedos,toys,1527
92,fa519b1ab43b49a5bfae358b341a44f0,relogios_presentes,watches_gifts,2092
93,fc0238c296234b3390fb70edcae4db67,relogios_presentes,watches_gifts,1874
94,3c59bc636fba490087e6bcedb3ff1187,relogios_presentes,watches_gifts,3726
95,315ded28a3de45d59ca22c05b283f1c1,esporte_lazer,sports_leisure,3622
96,f7242f323cea46bd885a8f6ed384c347,esporte_lazer,sports_leisure,2127
97,28f634b62d4043e0aac44f369ded1390,telefonia,telephony,4792
98,aa5df92d78934c4c89f1f8898816e236,utilidades_domesticas,housewares,2000
99,ddad49438570447d9e1064bdae33e265,beleza_saude,health_beauty,3411
100,d3a7294fd2584f12a3819db667854db6,beleza_saude,health_beauty,1391
101,91cc4de8e5234af598538dfa0265fdde,automotivo,auto,3511
102,af69c9ef5eb04c02832f6dd88c552805,telefonia,telephony,3412
103,a400d2923c364fc09552795d7c296747,esporte_lazer,sports_leisure,3326
104,03f9cad179014610ba5c095762f291e1,moveis_decoracao,furniture_decor,4855
105,229761920631421a91d4a2ba381917f6,brinquedos,toys,2146
106,e3e66dd509b94f68b92dad2356588683,relogios_presentes,watches_gifts,2539
107,dd76308e3fd24f1a96e7f100a39def8d,beleza_saude,health_beauty,3527
108,468b803d8a394cb2946afd35664209d2,automotivo,auto,1840
109,3fa881852d8547278dfaa9d9e87a7d8c,utilidades_domesticas,housewares,4832
110,f7a344b17f294348903e5fdf4d0860df,beleza_saude,health_beauty,2525
111,4fe901af6e6c4e40bf2cb198c0b0fc00,moveis_decoracao,furniture_decor,732
112,bcddc046e9b2482ab7dffcabae8836de,moveis_decoracao,furniture_decor,3324
113,55a82669ce7848ebbe6405852cd51253,telefonia,telephony,289
114,fe737cdabf764534ab3c0642045cf9f7,telefonia,telephony,3962
115,b2274f055c9a4feabc1b99c701f76de6,cama_mesa_banho,bed_bath_table,3570
116,686c24682d344473ad82eb9f8a96e1be,cama_mesa_banho,bed_bath_table,2353
117,e1090e0f355d45a5be16d137b63ec88f,esporte_lazer,sports_leisure,1709
118,bbcbc06913f1417f96ef1a242969be9a,telefonia,telephony,2377
119,9b2e26d8c0014e7784e5e2875929f73d,esporte_lazer,sports_leisure,3421
120,68abbb31633c4080920275afe293abdd,beleza_saude,health_beauty,4892
121,93b06205876c4864b4c0b77e99c0904e,informatica_acessorios,computers_accessories,4791
122,153c8ef2900c4b70b0fdf5256634d1e8,beleza_saude,health_beauty,3488
123,22cc83a22731444c8b7ef15b2fa994c1,brinquedos,toys,3458
124,2f1e0509216a4022907ca3d868d77bf9,relogios_presentes,watches_gifts,2792
125,75475305a17744c687e89c2021d846f4,cama_mesa_banho,bed_bath_table,1491
126,a236c251881a4629b0a236ead07b77ab,brinquedos,toys,2122
127,2b34daf6daf544b0ba8151173ccecbd3,brinquedos,toys,1954
128,2883a714a7ed4ef48f67aa0c895660dc,moveis_decoracao,furniture_decor,4048
129,ea6f7b3c291b45d8b389f701a923901f,automotivo,auto,4714
130,70c8e3feac1f42c381bb07ff4fede19b,informatica_acessorios,computers_accessories,3656
131,1c8fcfb9f392471abc2ac13537f7ea2a,cama_mesa_banho,bed_bath_table,846
132,bb2961d1f778430693c73d969793e621,informatica_acessorios,computers_accessories,4935
133,571d5ed2f68246f2b85ab4b024a43cfb,cama_mesa_banho,bed_bath_table,416
134,624e23f9f4ad4ec686d41a843a381c1b,relogios_presentes,watches_gifts,4558
135,6ba91efe9dff4c09ad995ed7b5258f23,beleza_saude,health_beauty,2118
136,2e15d2afde274350a1414c3c8ee47c1f,moveis_decoracao,furniture_decor,2796
137,ad0bc024ee50446e8b8fc9909678e7d0,esporte_lazer,sports_leisure,1717
138,3fe52a703a254731a0b1e9c38fe0bc15,telefonia,telephony,4078
139,6ba72f89f95e4036a8dea94f7bbc892f,automotivo,auto,2753
140,d20158c558f24b3eb2ccb92c69a63827,beleza_saude,health_beauty,1207
141,d7d12d13db63458eab5884460263819e,informatica_acessorios,computers_accessories,3900
142,04bfdebca74e4f89808b43985b8f4c09,automotivo,auto,2470
143,5c9185172c2140c1826a701785de5804,automotivo,auto,2697
144,f437bd876f5d40379fe3f92787e8c23e,beleza_saude,health_beauty,4002
145,f2d3ebe3b4454114826171b2c99dec41,relogios_presentes,watches_gifts,687
146,a05ffd4e8e394819a1fa8bbcf565e91f,beleza_saude,health_beauty,2571
147,8af77ce1e6ff4869975e196721d470be,relogios_presentes,watches_gifts,1487
148,b09f581b54cc4e199cd649de28e9ff82,beleza_saude,health_beauty,723
149,00f84dba5aa1491781ecaf85fb02ce0a,utilidades_domesticas,housewares,3466
150,dbdcc4dbe1de4a179dfc352a54835cc7,esporte_lazer,sports_leisure,4588
151,67385bc1efce47d0a52483e5afcb2056,esporte_lazer,sports_leisure,4170
152,6d53c81c099f4e71b7dd2f5938f3beb1,esporte_lazer,sports_leisure,4085
153,a262cb1e95674ef1b89fe3431e81bacd,brinquedos,toys,2360
154,01c9f138dde247a0a23aceed2050e42b,utilidades_domesticas,housewares,2412
155,331f609c93a04ea294523a4e6dc36ba2,brinquedos,toys,3124
156,9cd1490631c1488ca9c7d9c7257b8cba,utilidades_domesticas,housewares,3392
157,0f30784df72e4d53aa4949c24ce9f8b9,automotivo,auto,3772
158,84b28376b4ba4472a150eb295c7eea16,telefonia,telephony,1191
159,5125a8846a194728b1ef141ff25f51d9,cama_mesa_banho,bed_bath_table,4002
160,44bdb96b31034213a9d9cf695fbf5d48,beleza_saude,health_beauty,1011
161,5814648e45574af58fa6074c49920349,relogios_presentes,watches_gifts,1574
162,637518c4a8b0450db5949f81b0badb5d,automotivo,auto,128
163,3f130cb3ab2c47c1b539426199050b73,automotivo,auto,2327
164,8907742ffd0e4c13a65bc14747664c18,automotivo,auto,3439
165,86a137bacde64f33a230e776df0fa93f,beleza_saude,health_beauty,1421
166,aafe2eadad47445184cf6af00fe91a99,automotivo,auto,4655
167,9bf22b4119af42719d5d3cbad44efa43,automotivo,auto,1374
168,c04a694415134dd5b7a9929fa078397e,brinquedos,toys,361
169,8b722edf7dac409b99a57262eefe0510,cama_mesa_banho,bed_bath_table,1048
170,26e5eab1121d46f98c4a56560f17674a,beleza_saude,health_beauty,343
171,73e3c3884fe649cdab8fd4d6cda22bef,telefonia,telephony,4446
172,32faeea62ac447f5a16c048e7890eb1d,cama_mesa_banho,bed_bath_table,3044
173,6ac464a17d004e169877753600cab6cf,brinquedos,toys,339
174,19ab791503784ed9a8e1233b056cc558,beleza_saude,health_beauty,2456
175,c08e1d5ffa8a4bf3a16c0d1371c80440,beleza_saude,health_beauty,4282
176,fff75832db264c33a33f6f6ce9c5e858,informatica_acessorios,computers_accessories,3820
177,9575a543b57e4a6eb3f5e1040bcf2306,esporte_lazer,sports_leisure,796
178,37611c71a7b447ccabdd4475542a133b,brinquedos,toys,1918
179,19f20f1b54014467b47fbfd5797649e8,automotivo,auto,3906
180,696353502a1b4650a1bd72f7e9753a8b,beleza_saude,health_beauty,3742
181,fd4a13ad0dde4974941b9e08bc8e5253,relogios_presentes,watches_gifts,2712
182,c0e77397c88b4e998535d316d83486f4,utilidades_domesticas,housewares,4787
183,247a877f459840c682eaa718a49e97bd,cama_mesa_banho,bed_bath_table,4817
184,b83171b482b6445bba44533309768e90,relogios_presentes,watches_gifts,2541
185,82da95fbfed54b53b256b3f9f828cf45,brinquedos,toys,3190
186,a120b23dc4f24d30bb85feaec855e929,relogios_presentes,watches_gifts,2070
187,d3b5d812d4ef440a840f95a30f83f83a,informatica_acessorios,computers_accessories,779
188,39c19114ad1049e086879ea89adfe462,telefonia,telephony,3526
189,f4fe6b0c9b624cd698daf0a70480ddb2,brinquedos,toys,3030
190,87340047b52f467b91e0f7d23cfb7995,automotivo,auto,3364
191,a0faa660b1364a3cbc58ce89aef0f384,brinquedos,toys,2568
192,bce8cabe25544f9a975c5ed7925357a2,telefonia,telephony,4454
193,e2415014d9b447d8b7a8f9fdc534d4f7,moveis_decoracao,furniture_decor,1841
194,0b20ad599efc43358c6ef1ed32f7a290,cama_mesa_banho,bed_bath_table,1132
195,c3e270e47ec74ded97785e00f4fcd9f2,utilidades_domesticas,housewares,984
196,70a2941f0a8c48bdb8ccc5c7612ec7fa,utilidades_domesticas,housewares,335
197,216b5a662f174cc38aa091fc9a805eb4,telefonia,telephony,1428
198,749224c75d024b3b852c0a924eb129cb,telefonia,telephony,1915
199,5fba940f265743d3a225c79fe8f02ddb,utilidades_domesticas,housewares,1585
200,c29e0cc8685e4a30a3a685f2845e388d,automotivo,auto,1954
201,f29ff21f2aa949be8ba0e1b2f6be0736,esporte_lazer,sports_leisure,1605
202,2b723a1da0224c1293233a46781c95fe,telefonia,telephony,2520
203,3d2395310b39420d93bc59faa3af7755,esporte_lazer,sports_leisure,3436
204,3ebe7980495e4f38b4798b1aa2876881,esporte_lazer,sports_leisure,2072
205,a7d18cd824094eddac44b5aafdecba18,relogios_presentes,watches_gifts,3989
206,a079193ea0924f6dbba68e122f5aaeb5,esporte_lazer,sports_leisure,1092
207,9dd492fd3f05453c90f6964d149629b8,automotivo,auto,3035
208,5146c66ba7444a9a82180d48e3471452,cama_mesa_banho,bed_bath_table,4892
209,8d12cffb9e8b405c9653942e394e753e,moveis_decoracao,furniture_decor,1948
210,3996b5d268bb4dbd957ed7053e057f2f,beleza_saude,health_beauty,576
211,5fcb4bf2925d468ca98c2b8d370025fc,brinquedos,toys,3186
212,cd1254f416eb40dda405182ed9ddc941,utilidades_domesticas,housewares,4132
213,cf2a23e593f547b289fb5264a64d8dcf,utilidades_domesticas,housewares,120
214,2384d9dddd8540b89d07e8405d7a07db,esporte_lazer,sports_leisure,2919
215,cc8fab6f2489469790d44d1983d5846e,moveis_decoracao,furniture_decor,3939
216,1d74ad9f319f41019f2c7d17bd2ad97f,beleza_saude,health_beauty,2472
217,52c696da9573428e917bfdded6025a8e,moveis_decoracao,furniture_decor,1068
218,8440fa30c0374c76971a72181df7ae5b,utilidades_domesticas,housewares,955
219,e26e46c5858e4d8887c0593bd87afa7b,telefonia,telephony,3606
220,bf2574cf393e4f8e9a6834baac328035,esporte_lazer,sports_leisure,648
221,0bc861e3cbaf427b80560c72fea9523e,brinquedos,toys,2730
222,e950deedc1f14e5d94b51d8bf6101a9e,relogios_presentes,watches_gifts,1376
223,6c858ec275bf4ba188d88edeb3b3b768,beleza_saude,health_beauty,4581
224,dff9b448e44d43c3be6feedcba9fa453,telefonia,telephony,2846
225,db913f0310b9428da1f36c3d75f9ac67,moveis_decoracao,furniture_decor,3014
226,2d402d763ad64299b09745ad6214d9f3,esporte_lazer,sports_leisure,2430
227,a295467789d64f1b8776e91481ecaafb,moveis_decoracao,furniture_decor,2443
228,d35f192bee104404ad77f6922acf6a65,moveis_decoracao,furniture_decor,2105
229,9aab70096b5449ef860fb6d51b6134f6,moveis_decoracao,furniture_decor,1316
230,c6719e320d20448e85e2de75099dc454,beleza_saude,health_beauty,3682
231,ca03971415be42f6843ba67d06ce0fbe,automotivo,auto,1809
232,dcefdd62b9a844beaded92040e431692,automotivo,auto,4636
233,25a634ed47bb4877a9f38985821d410b,telefonia,telephony,686
234,c59fe56ddb8e40359dd9d8c9310a94b5,automotivo,auto,905
235,3288edd2dd964011bec543a51b83d404,cama_mesa_banho,bed_bath_table,3605
236,ff976c8d8c294c0fbc46489d8d29abbd,relogios_presentes,watches_gifts,621
237,c740848b8fef49fc9947f10a3e2f2760,informatica_acessorios,computers_accessories,2139
238,71090502dbf74289baa0b1113a649b7a,relogios_presentes,watches_gifts,3944
239,6bc33349c5b742a491b88b94e0c7efa9,telefonia,telephony,3588
240,c4fdbdb0c93140f68b2212647a35993b,brinquedos,toys,277
241,ebb3db69c4cb4c45a6c75ef4c9055d60,esporte_lazer,sports_leisure,4839
242,6e31d6e961d747f28ec599ea5ddcf24e,utilidades_domesticas,housewares,999
243,191eeed8159e411ea7b7d0143555ae45,relogios_presentes,watches_gifts,4132
244,de62d1f284754351aeadac61b5e6a412,moveis_decoracao,furniture_decor,3711
245,67cb04732359425baec1a3235e704580,informatica_acessorios,computers_accessories,1173
246,953c34dff9884496a6ced1eb2aec8a4d,relogios_presentes,watches_gifts,1307
247,a41e0749e5714667a8451c86c771eb72,telefonia,telephony,151
248,1410bf6121ce4596b3b816b73707b1d2,brinquedos,toys,1052
249,85d0f4a744904c8a872e1eb354feab1f,cama_mesa_banho,bed_bath_table,1985
250,a64eb1d52054427f9e16a2a8f3b32f68,beleza_saude,health_beauty,1279
251,2d5009ce8834498a907ad317b4031b44,esporte_lazer,sports_leisure,2309
252,a74f78331b5c46949db2fb4d8de3dac4,relogios_presentes,watches_gifts,3747
253,88475bb80f7e4b4ba09b1c3750248e94,relogios_presentes,watches_gifts,1251
254,8143676461c74c82afe66c0f4655dea5,cama_mesa_banho,bed_bath_table,1341
255,9914a5ae92574e3da512b327dbfa95be,automotivo,auto,1136
256,377d0c1cb8c74bf89a73766c10c8353e,automotivo,auto,3564
257,a74b6c251ba04a068ef7335cdb72d094,relogios_presentes,watches_gifts,4525
258,b4905ddb15ea403c93551b2318b1b59e,beleza_saude,health_beauty,2848
259,27df63dbf6f8439289cbf40e034cb4b4,brinquedos,toys,1190
260,aa91603054d2433babdfc9b2fb3d03c8,relogios_presentes,watches_gifts,525
261,17cf70e8054942669347695718ede4c3,informatica_acessorios,computers_accessories,4719
262,b8dd8735e30f419eb9a8254b69866021,cama_mesa_banho,bed_bath_table,2490
263,3663a2a3c4944761b5b1cd0d489782bf,utilidades_domesticas,housewares,4530
264,fe6b6f57dd92406fb14f08e03acdce4e,automotivo,auto,392
265,db41ceb2c29e41ae99b7e65ddd753e22,beleza_saude,health_beauty,2327
266,b442e6c747084f10a75305f1bec297ba,relogios_presentes,watches_gifts,721
267,1588900dd56748588b24ee5e5c7beea4,automotivo,auto,2348
268,86c2b81872a44bc5a27ec9882bf646d8,telefonia,telephony,2985
269,38950e89b8bd4ffc922f10cc034cc897,cama_mesa_banho,bed_bath_table,944
270,a4f4f5cb7b674dccab197bccbe55ee3e,utilidades_domesticas,housewares,1001
271,0bb08354427a45ec94274964a7d98b96,informatica_acessorios,computers_accessories,404
272,d0ab61a2f8ae49e98ab5b664e157b11c,beleza_saude,health_beauty,4677
273,66746c1c3d9d475e96cdfe48b82d6818,beleza_saude,health_beauty,3096
274,15a1ec56faf44c9dba8768ebeaa37027,automotivo,auto,4759
275,3390031116204573ae379aa053b2a2e9,relogios_presentes,watches_gifts,4370
276,4ff9d07885a44814a66af1b6e6c47b14,esporte_lazer,sports_leisure,441
277,73f1bd47f53f471788b5454b006e01b5,automotivo,auto,2193
278,ecd9ef0722434060ae2ecbef12603d42,beleza_saude,health_beauty,2780
279,5cf17b8d47a64ca59b64117de91e7187,automotivo,auto,2061
280,9daa49d9e2d54f06ba263e9eff92e6b2,brinquedos,toys,1404
281,a8538a77cda949a5be503fc6ff4516f9,esporte_lazer,sports_leisure,4048
282,c15c2bb086434ad7a9eaa40b2ed5d986,beleza_saude,health_beauty,3584
283,0fe83b96d62b415cb33e8bcdc052f6c3,brinquedos,toys,152
284,221d9833037e4c3da69fd85abd30c68b,utilidades_domesticas,housewares,1564
285,2c1fbff24c4e49f3b51dff1f719d55e8,relogios_presentes,watches_gifts,1918
286,8188da2e69e94bb8bf1749600cc2d269,utilidades_domesticas,housewares,1130
287,5d18c287f65b4b2ea07ea09e9263d6ab,informatica_acessorios,computers_accessories,136
288,a1b7386ab8874fdfa5801040fa4d6fb1,moveis_decoracao,furniture_decor,3965
289,7f01511a193c418c98eea890e389600a,cama_mesa_banho,bed_bath_table,4651
290,adda9673971b41ee84e60264b6aa33b2,telefonia,telephony,1049
291,26b37b94486041df85df9521f84121ec,informatica_acessorios,computers_accessories,4038
292,8ed463874a48423bbe53fecd6b08f4d5,cama_mesa_banho,bed_bath_table,3725
293,71654a466464453e8f801a7f0ef971ae,cama_mesa_banho,bed_bath_table,1684
294,229cfb6742c0499b84f4fe14a27642f7,telefonia,telephony,2957
295,f1c12b5617c5442d86c2934c517de3bc,telefonia,telephony,3599
296,29075fa5c36f47b09df491d731e1881c,brinquedos,toys,3181
297,cf244287bde4492ca54a26c128a52f42,relogios_presentes,watches_gifts,3829
298,05688c66890a44f3a8853d92388e848b,brinquedos,toys,4392
299,af64ff2205c4402fa819de9842d6ddd7,informatica_acessorios,computers_accessories,3103
300,8485d83aad3e40829beada2b00c09a14,informatica_acessorios,computers_accessories,3086
301,9d570150c01f49ba9bae173c65ed539c,brinquedos,toys,822
302,0827c8523bc0409abb90a3a44a6c39ef,informatica_acessorios,computers_accessories,208
303,4e3c24754747463792bf91693fd02492,informatica_acessorios,computers_accessories,3551
304,3d6f3005222f45438b7f6d6a8d53d2e7,utilidades_domesticas,housewares,1036
305,dc6b2dfa2adc4005bccf4cbbfc02465c,beleza_saude,health_beauty,1340
306,66a937423c234e9cac34324e56988b99,automotivo,auto,2956
307,9e97620fff8d42d5ab62dac205c782a6,moveis_decoracao,furniture_decor,4997
308,54fd0302d42b4681ab8c174fc5593ad4,moveis_decoracao,furniture_decor,4258
309,d03ce3ba416841918fee35eeb1719a74,utilidades_domesticas,housewares,1631
310,b09ced06368543639efee02905ea3f6d,relogios_presentes,watches_gifts,2165
311,36782f79dcce4664a60a295f096af21f,automotivo,auto,2423
312,69debee402154e28bf12862dae3e4efc,cama_mesa_banho,bed_bath_table,1236
313,cfc2acdea8024b2590f6caae280d5b4b,esporte_lazer,sports_leisure,3318
314,ebdd6aa026c147ef8e9de4e5859b2e04,brinquedos,toys,1152
315,929b2eaf900e41a5a8383573ac38534e,cama_mesa_banho,bed_bath_table,3304
316,650ece3ec0dc40c19a9e355a88bff258,relogios_presentes,watches_gifts,4926
317,cd8bbcae3e8f4197affe5248f219d4d1,utilidades_domesticas,housewares,4159
318,7d5e4f3573b04ed894398fb67afdbc05,moveis_decoracao,furniture_decor,1723
319,ea4d851ed80c418991a829520c4b6866,relogios_presentes,watches_gifts,1744
320,d4a3eb3c66a24845887d4512b70e2b9f,cama_mesa_banho,bed_bath_table,529
321,c75e3a1d0f5e41e4a2fc7eb45cd4eec4,moveis_decoracao,furniture_decor,4368
322,06c82ae9b9384ca3b9590eb82e3e351e,informatica_acessorios,computers_accessories,4414
323,b4c530d9a0ac4f42806f601db3383bd1,informatica_acessorios,computers_accessories,1572
324,58aa2de3269b41038b506f05b4878599,brinquedos,toys,1907
325,340613b5186944ef82aaa28d22ae79ec,relogios_presentes,watches_gifts,3326
326,599693169a8c46398daad3b4cd656065,cama_mesa_banho,bed_bath_table,1223
327,9b1521a8cc294fbf91bf2db0f30f05f1,beleza_saude,health_beauty,3859
328,578333f3687241f58d0b3caab8021edd,cama_mesa_banho,bed_bath_table,823
329,f4cd089973224c358bcf638f9df76987,automotivo,auto,2103
330,b22f7e6866c0428187a6c02307b27e8a,telefonia,telephony,4227
331,66b96ecbba12492c8d5751e09f07fdd3,automotivo,auto,2626
332,136793b0c41f46639afe935695692e30,brinquedos,toys,3016
333,07cc96ee293f40658456b7e42c6838e7,beleza_saude,health_beauty,4023
334,e45f4834a5354c71a28a2d4998add40b,telefonia,telephony,4448
335,01bb08862f774c17b03d0e94b05898a8,moveis_decoracao,furniture_decor,4562
336,37c3fc17d27f40d5aaba7fbf8e3ff943,utilidades_domesticas,housewares,3348
337,cf81570bac254a92b191693ad0a5cd12,relogios_presentes,watches_gifts,1607
338,4ce2f134095f493c95c47cbbf7f26618,telefonia,telephony,4768
339,abfa441e3f7c43dca9da88ce6c6e2834,relogios_presentes,watches_gifts,1484
340,ed07b0e500ab4723b2e3cba25304d447,brinquedos,toys,3899
341,4d5f747d841145c583309c90cc159d97,moveis_decoracao,furniture_decor,969
342,df94395e3bc64b5592139fe3b58d3ffd,brinquedos,toys,1347
343,ea6c1f7b647541c59d6c03d84f2e049d,telefonia,telephony,4597
344,8850552a3bdd4b7c98681c38867f549d,automotivo,auto,693
345,42487d80f04e4168b1d3d9386f47fac7,telefonia,telephony,4055
346,864de692dbb54818b37b206c42c206e7,brinquedos,toys,2987
347,0eeaaf0ec94a4541ad472945a44b349e,beleza_saude,health_beauty,757
348,43812beab7b64cce97b094cdb2579ec2,relogios_presentes,watches_gifts,3057
349,e71b9fe33bdb4de1956221a923311cba,brinquedos,toys,4969
350,7324771a13da41799015ba377792a490,telefonia,telephony,3893
351,f6696f8a5b964308a0e8a6739baeb6a8,cama_mesa_banho,bed_bath_table,247
352,6eb4e94770034034af0e2ab526721538,esporte_lazer,sports_leisure,622
353,8d46d80d53a94081984e1d83be0e87f5,cama_mesa_banho,bed_bath_table,4782
354,6008cf7f38304a07a5db5fd167d9a582,brinquedos,toys,1427
355,c05a6bea63c144028fd21cc6e3f72d89,brinquedos,toys,4694
356,d1a9a35929fe4fe4a09176b60ac21528,cama_mesa_banho,bed_bath_table,1702
357,7c88cbb90cac43acbe50ca2290985c7b,informatica_acessorios,computers_accessories,3569
358,515c774d67d84e0c82b85e2fb43838d4,brinquedos,toys,3946
359,913a44b208b84a8cba5b9756b6781cb7,utilidades_domesticas,housewares,2369
360,b9c77bde49ff4ef89b1be5fb74df32a1,brinquedos,toys,4163
361,a77532f141d343edacc64d6e9e8bb45c,relogios_presentes,watches_gifts,3064
362,ac03f608b441433c90c01453d112f08f,utilidades_domesticas,housewares,637
363,a28f4b54b2434175a4871b0463cea289,relogios_presentes,watches_gifts,3531
364,6f1796cd339044e0a1662087c3c7ff46,informatica_acessorios,computers_accessories,4700
365,013d783eb6e24b3aa8f66bbdcb9354d1,utilidades_domesticas,housewares,1410
366,21b0ef4da02b4587bddc16e39134f380,relogios_presentes,watches_gifts,2665
367,301486d899d4427e9f6439d12b29e7b6,telefonia,telephony,3958
368,3f20e603d93d4f21a89cca8a4622fa17,brinquedos,toys,3446
369,8a396819e6344340ac61e8939c84580c,informatica_acessorios,computers_accessories,3627
370,2a22fed13bad4ce091c5bad7f4c4e8c9,automotivo,auto,2603
371,5476066d71d04a85939ffdc9ea206e59,utilidades_domesticas,housewares,4458
372,42f99711a8f346f6a3415542e8c6b1e0,esporte_lazer,sports_leisure,1714
373,ac05f7781b784483b4f09e7ae73cc7c0,brinquedos,toys,3929
374,668145e657a9418cb9993cc13aeb9e8e,telefonia,telephony,2308
375,70d1d567263a4ffca71c57a40b569ac0,utilidades_domesticas,housewares,4705
376,bb9d03f6364a4774b1366571761a1abd,esporte_lazer,sports_leisure,1000
377,541b2c2168e348518c982cccca8f1fe7,esporte_lazer,sports_leisure,2913
378,61a2499f10b44667bd97007735a44def,automotivo,auto,2913
379,d7b91173a4414251bf6472db36964ef2,telefonia,telephony,2004
380,ac46a1f7bf9346d9b2e7f3938b31e2f3,brinquedos,toys,923
381,d7f7a77835444c9a82bf993b0ff07367,utilidades_domesticas,housewares,1466
382,fa0f9f7aab4a495ca25cc380ae74e14f,telefonia,telephony,3656
383,1f1b9029351d411ba63ab9314c1c7494,utilidades_domesticas,housewares,3077
384,770cf6eab8b64fdb94ec53d69bd7c02e,moveis_decoracao,furniture_decor,2955
385,d0331c8b8de14c9eaf3a9785cb36a63a,beleza_saude,health_beauty,435
386,d7b6ca3aeb4e45c39dccfc9ef9fda4d1,brinquedos,toys,742
387,49f3cfa7ec9f4664a9f68b384c88dd4a,informatica_acessorios,computers_accessories,1901
388,3e3b7d826ad44deea34f842895cbedc8,relogios_presentes,watches_gifts,4554
389,738ac275700f4d4b91949a1b4344aaa9,moveis_decoracao,furniture_decor,3256
390,ef333f44f4e549629d234085e47a3125,beleza_saude,health_beauty,3566
391,6c7af5e24af6424c960282f49ac9b498,informatica_acessorios,computers_accessories,335
392,48c265722b804facb3f7898ac926a76d,beleza_saude,health_beauty,3313
393,4f7c7d8403374c27a46bb88bac5c85c8,brinquedos,toys,2017
394,fecd56f2986d4d1a859278cc0e9ec2af,relogios_presentes,watches_gifts,4996
395,cef3071999f04a26bd129d07757c4967,telefonia,telephony,366
396,9c67395cb0184bb9ad2ad2c3d3663b74,brinquedos,toys,3530
397,16a0be45d45744228ac74b60550b5038,beleza_saude,health_beauty,1977
398,21d39e0c1bcd42b0aa6d0a5a37ec7e45,cama_mesa_banho,bed_bath_table,840
399,039fc89d205a4e0980b92bda277ec290,cama_mesa_banho,bed_bath_table,2084
400,2be4cbda60654334b93171e3a2a9b989,cama_mesa_banho,bed_bath_table,2045
401,fc2067442c5e4c0bb0ac6ca6d42e6f44,esporte_lazer,sports_leisure,3717
402,168aba01f177424b988028941413d692,brinquedos,toys,2813
403,4a0ccdbece7140f5bc8581b7eee89795,informatica_acessorios,computers_accessories,796
404,0afacd0f2cdc4d81a88114ff9e183231,informatica_acessorios,computers_accessories,3151
405,cc80be784d794b17a4babc0c5c0a1e33,cama_mesa_banho,bed_bath_table,4063
406,1463a4cc9bc04f4092decb610fa825af,beleza_saude,health_beauty,1304
407,50eb640295614831878c72b2d636b3ef,telefonia,telephony,2883
408,705f23c17ef446b3b03c9e9bd22b10ec,esporte_lazer,sports_leisure,1257
409,e97d865790464805a0edec0b2a18beb2,cama_mesa_banho,bed_bath_table,1374
410,9ed1e9afad3a4e93890eb654e82f672e,automotivo,auto,718
411,9861f4e896514572ab99af82fbcc8f1b,telefonia,telephony,320
412,6031067340d545f7a106ee4acb6e04bc,automotivo,auto,3721
413,885e236468954acf93aa9f8ef7207c78,brinquedos,toys,1709
414,31c4802eca6a489ba35e4a48b53c6b84,utilidades_domesticas,housewares,148
415,ea0afb1831814b968212e6e4770c89bf,relogios_presentes,watches_gifts,4149
416,bdda117a6a0c4096b503c65d5e952f62,moveis_decoracao,furniture_decor,552
417,5bc2ec3494f34f0091a8b2f95cb4aba4,automotivo,auto,486
418,3ec05895148e45c6b046d100d4009f81,cama_mesa_banho,bed_bath_table,1785
419,2f55a58a8e2b4ab8a9db45c62c4fc31c,telefonia,telephony,663
420,4fc4ec06879f4e279bad578e3942c0cf,esporte_lazer,sports_leisure,4236
421,ece5b6f83445415398b9ace9d683d0cf,moveis_decoracao,furniture_decor,3756
422,42860097a90c411eaba670606f3dad27,utilidades_domesticas,housewares,2400
423,655d7c5e5af84e83ac444c0c7a81e6fe,automotivo,auto,123
424,d7dedae680d14c6fac8d9d888cb07778,automotivo,auto,1523
425,44522e39746f48879e471599bc532a6a,moveis_decoracao,furniture_decor,4384
426,a4204d89be1846fe8e8c91e34f5ec62c,relogios_presentes,watches_gifts,2046
427,9114028ab504439189ac0d89fc7f4b4f,beleza_saude,health_beauty,3216
428,2e9bf80b6cc141de84e7918f02efc2fb,automotivo,auto,4082
429,ed2ebbf84ad84cfe965935ffd2dc1262,cama_mesa_banho,bed_bath_table,1160
430,2951c695e4004ad995f57dd1ea27215c,beleza_saude,health_beauty,3841
431,6a3c687674a0484bb01d6cfc862691dd,informatica_acessorios,computers_accessories,4467
432,ef035a03586a4d339014e0b9616ee8f9,esporte_lazer,sports_leisure,4434
433,3ddb170c40c64e95abcc7c4182834807,beleza_saude,health_beauty,2269
434,7682cebd7d68400290ee742d6aab9dbd,utilidades_domesticas,housewares,1261
435,a2a678b833b049368cb5c35a8536b4ca,utilidades_domesticas,housewares,1624
436,79aa77dc99844a25aa8f37ccdf80fd15,beleza_saude,health_beauty,1052
437,2a6e031560a943528a4e27f86eea0e9f,esporte_lazer,sports_leisure,3003
438,b17341fa527e46ed81de6238a3da4c3f,relogios_presentes,watches_gifts,1892
439,1a918f08e1784107916f2bd51c08cf18,telefonia,telephony,1702
440,78de62cdabe848cb964badce446a16fc,informatica_acessorios,computers_accessories,1245
441,4029dd9bf6664ff688fa31bb83020f5b,informatica_acessorios,computers_accessories,2534
442,b02aaab93efb4261991bb05bfc62003d,telefonia,telephony,1889
443,a2e390036377413eb7ece7c0913928f3,beleza_saude,health_beauty,892
444,607909810d6f42dea67dcb1aa97b45bc,beleza_saude,health_beauty,4289
445,40964d8120a84310b63c950dc3d57324,relogios_presentes,watches_gifts,3505
446,716847bd0fd54313aeeb1673a80d2d9a,informatica_acessorios,computers_accessories,4512
447,8f25d229aa104f8cbce897e43685d9c6,automotivo,auto,3191
448,256ccf9a70164819bbd6edeb27646a39,moveis_decoracao,furniture_decor,4534
449,57f99facbfba4b16b7bf2ab7a5e3815a,brinquedos,toys,1959
450,7744a4f1e8d7478e9ab0f72f1f6f0a42,brinquedos,toys,4964
451,2061966b66424545a7644928b0686526,esporte_lazer,sports_leisure,2801
452,a4e328b20f3f407c89cdd89de13c1744,beleza_saude,health_beauty,3189
453,d44ca1890c7e40069f18fd55ee86a8b4,beleza_saude,health_beauty,1150
454,f829d0bf1c4447918844f2698a5d0b0c,telefonia,telephony,267
455,9e04754c2cb146078e898370a52a31db,telefonia,telephony,537
456,fd60b9a690b44f3c9588c38e8290a214,telefonia,telephony,4365
457,14264f74e0194082bb4d36c761037b2f,informatica_acessorios,computers_accessories,565
458,d587586329d648f98ccd97955d3f2d7a,esporte_lazer,sports_leisure,1004
459,3a422dbdaebc426d974617f87830a28f,relogios_presentes,watches_gifts,4333
460,c4646a0286da4f6e8d424a8a0440f073,automotivo,auto,730
461,b3a0a9c93b714a8ba4bc704322301894,utilidades_domesticas,housewares,3441
462,09966f014e8946a1b49faef3ae946938,brinquedos,toys,3775
463,1dbf26c3a0b04e0c86b401c6eea46bbc,relogios_presentes,watches_gifts,2599
464,6b505ee1f3064794969aa74ce3ec5614,telefonia,telephony,826
465,0ab9e8a5d9fd415b958c5479d0476934,brinquedos,toys,3310
466,6cb2c63fefdd48539a52bde3d3e68722,cama_mesa_banho,bed_bath_table,206
467,b28e99d9f585404796c241d4ea67d6c1,telefonia,telephony,1506
468,458352e852b64d8c8e9c4ec362c74bfc,moveis_decoracao,furniture_decor,729
469,56c13b87824041b1a18e22a6853a0f04,automotivo,auto,400
470,2eda80d07720485094c030af6efe4698,brinquedos,toys,1438
471,e43f17059c6c45b686ef911deb55a897,informatica_acessorios,computers_accessories,4224
472,c60302fe26ce4d91aeedd8f0752b9565,relogios_presentes,watches_gifts,4900
473,59f4d8b4a4fb46cca1e9ddb0a575674c,beleza_saude,health_beauty,1884
474,f1e3d75dfe9947de82f18ae10aa3791d,esporte_lazer,sports_leisure,3687
475,5f4a368227e049f3ad5e312ce1c8acf5,brinquedos,toys,646
476,03b42f610af04cd7a50a430bf26a43ad,informatica_acessorios,computers_accessories,970
477,65cce69bb1584ce0aeebcb0c8726641b,relogios_presentes,watches_gifts,4540
478,a1ba1bba98c947458fc919a1a339edc9,brinquedos,toys,900
479,a46fead64df34795be6d16b5deef27d2,automotivo,auto,868
480,0f577f4856044081a067680fd1c38590,cama_mesa_banho,bed_bath_table,3952
481,e648e0824baf40ec9f193e307b16c81f,utilidades_domesticas,housewares,4909
482,71ad43201b4f4e76a93f689056b93878,informatica_acessorios,computers_accessories,3907
483,ce10673faed44fa38110d8daff0d0d5f,cama_mesa_banho,bed_bath_table,1540
484,7f8acccd1c4d46b3bc92716ce746dc1d,moveis_decoracao,furniture_decor,3528
485,96c5a6d6d9af4a429e0169be133f4584,beleza_saude,health_beauty,3954
486,7049ca289c83429ba2939f86937aac08,cama_mesa_banho,bed_bath_table,4022
487,40f004bb3d604a5c9358a041ecf52c56,cama_mesa_banho,bed_bath_table,1506
488,8f44427a731d406dbed23cf0721f1ab3,informatica_acessorios,computers_accessories,1980
489,b9209700328c486b84c17de27d6b1caf,moveis_decoracao,furniture_decor,2661
490,e5a9ab53deef4434a9e5c480159813c3,automotivo,auto,2477
491,13f38e67b3b640089df87938c53074f5,automotivo,auto,352
492,afe1bc35a35d401f9ec4aaedc2f7271e,moveis_decoracao,furniture_decor,2620
493,978046aa910c477b910db862d8bd2e40,beleza_saude,health_beauty,4316
494,8e394601b3ad4220a588dc0880239e0d,utilidades_domesticas,housewares,4818
495,535eb6e517404b89a642254ed4e3be96,telefonia,telephony,4516
496,9bd68970c30e41e5a18bf0558ef98252,moveis_decoracao,furniture_decor,2648
497,1f9599d82ebe4e65a33e000ac6ea3a0e,utilidades_domesticas,housewares,557
498,7e98aaa2f21d42bba7ac7008046e5cd2,beleza_saude,health_beauty,1735
499,94c5832c7a4f4d4ab591f284476ff8bd,brinquedos,toys,4834
500,b10e4441c4044a309e051444b2a853c1,esporte_lazer,sports_leisure,3226
