landing_page_key,landing_page_id
1,0c738336dbd04e959c993ff02dbf5e0f
2,22d5f074d6fd43b2b796684fe6998629
3,24f5fbd22d624e12b58faeb2f2742ebb
4,2566ffa7a57141909a5618885cb43553
5,280fc02b8ead46d897a70c9fa8a76c35
6,30603de19a0f45f98e07cc24bb54cd32
7,32f776c66b854bc08925bb990a3b5ea3
8,42aab95b911f48e28fc6e5aff6d61bab
9,54ac0583af594362879a48b3c36bac75
10,54dadc715073494a9f52e4f263e34d4e
11,57b30bb0fe284da5b57510a8823d88a2
12,5c9fede2c59f461bab56ff6d802fa6a1
13,6eb360925f334493a6951325d8182624
14,702afe38d2d2425a9b41828bf926fbf5
15,7b5e3159006745bdbee47199b5293638
16,7e92b46dac574b1b9786c529162a68c6
17,9949586af6134c339c1809ad3ec0df66
18,b3ebd0b9fc81475f87eaafca8d37f073
19,b5aed19b7ce942ceb1082d725df90ba9
20,bd7014dfab0643b08af9d59f9064c67f
21,c005e1915b5a420dba2530a0e055f0e1
22,c2366a33c94543b4a5c36a8911cb5ebe
23,d4a547d9c0264e5e821f2ce922348c3d
24,d650cf637d2e4393939ab7a1b5bd56fb
25,dc97f501f52d4c12817bfe088b55a525
26,e73bb83cf417427888827b7bd8835d0c
27,eabde2c6e9064911b23d789ff68f2bbb
28,f7f91884fcc441c3a73051d4c1896af9
29,fd67c44c56284345a9d416ecc4e70697
30,ff05ce68802a4f1796f1c6ff9508133e
