product_id,product_category_name,product_name_lenght,product_description_lenght,product_photos_qty,product_weight_g,product_length_cm,product_height_cm,product_width_cm
2d3d7ed96b8049ff9b4af5d88c11c79e,esporte_lazer,49,395,2,3981,17,19,29
b6f172788ba84bd3a46112ee0649db5c,automotivo,57,155,2,1502,24,20,31
48ed0f2b65f540069d15b27aece1c29e,brinquedos,23,173,6,3609,30,13,37
9b0e4ac9dbc84fe68d05e232c0ce2a21,automotivo,60,1406,4,555,45,13,35
49609ce23cd54df1a907d7d6ea87b9cf,telefonia,48,1289,3,2225,14,25,35
a8076441277c410da530cdf4fbeb0511,telefonia,46,1116,3,2671,22,23,26
5c871f3f35ef42808fecbcb3e6f549d8,beleza_saude,54,1207,5,425,38,28,16
4f6bcc525e594b52902551ceed99e429,telefonia,52,235,3,4877,14,15,25
07759cda858a4a7daead2ca1731c814b,brinquedos,23,1242,5,2578,33,21,29
d9382339b69d4b4cbc17e601844a6990,relogios_presentes,30,929,5,1821,42,13,27
6b68d013d3e24fb9873f565995cb22f0,automotivo,48,941,2,4401,11,9,40
a01fb9b5f8c849f0837ebe2182325f7d,cama_mesa_banho,50,916,1,1336,25,23,22
a07775d85f03481bbc9cfc7877070426,beleza_saude,31,334,6,328,50,15,33
cb4cc6a559fc4437aa9b5be6a60a39c1,beleza_saude,55,1219,1,1367,46,25,35
3f1f42b8148c4616995f65dc85f5e585,automotivo,53,1418,4,905,42,29,14
6e9670c39e694a0289db579ac1bc4d00,cama_mesa_banho,51,114,4,3278,48,6,37
078c371130c840a5b2de58d3a0519dc1,beleza_saude,23,1031,5,1180,24,20,34
c133b30e95e740219d61b66446d0ff97,esporte_lazer,57,1236,2,3275,45,24,38
616a0de2321c48d7b22b83c6df5f2dd6,moveis_decoracao,34,662,6,4289,37,26,19
38d84a0506ba4fdabb24af532d5d293d,brinquedos,49,194,2,2690,12,18,25
345809a2126b4343bfec56aa2a8d9f16,utilidades_domesticas,49,1146,5,3489,43,30,33
ec30306b6268459a8ee60035387407e7,moveis_decoracao,32,792,3,3754,10,30,25
62e49ef028f94a0daf1d9548a051bb57,telefonia,35,307,2,1886,16,15,20
9e6b7e3c8516498b986a23f98abd5daa,utilidades_domesticas,60,187,6,2707,38,26,38
cd883bfbcac54639bb545492da061a2d,cama_mesa_banho,42,360,6,866,43,20,29
41c99161861b415a9159d9a0fe328812,brinquedos,34,1157,3,2395,26,6,19
a3e945bd0c314476bd5efc2930b82c77,utilidades_domesticas,52,1200,2,957,14,14,12
aac0cdcff44547ec928f26aeab7cdfda,informatica_acessorios,50,205,6,938,19,12,30
a6c7607b39664b649fa5cfd5aea5dbc8,utilidades_domesticas,23,506,4,4488,38,8,20
99ebce5de3184589986a16e8e7961102,relogios_presentes,54,1332,1,406,47,25,24
e8020a5073764efca24d5410fd8a0ac7,telefonia,59,1014,5,537,19,12,30
90544dc6746941f58f07d486698a4975,informatica_acessorios,60,646,3,3592,42,14,18
e10480b761024d3e945c00312d9fd615,relogios_presentes,50,1276,3,302,24,29,23
4cdc171f1cec4c25ad225be00ee5f139,relogios_presentes,39,144,1,3638,23,9,29
750f4a1dc60b4d3a9cc5c9f8df4d751f,utilidades_domesticas,50,547,4,4245,23,8,21
4e15671b8a0f4a9eba6cd5b8e3e7a969,brinquedos,51,849,4,1412,48,27,31
61e5e7feca5a45b3a8cce027c724bdfb,esporte_lazer,48,578,1,4270,35,22,34
26a68f39539e4612b55df3f28c2940a8,moveis_decoracao,22,379,5,826,31,22,21
1c456e659155442a83a9605fa921949a,informatica_acessorios,30,564,2,1534,29,7,22
99328ac30b3140fbb891947a9bd449e8,utilidades_domesticas,24,1226,3,2183,44,12,28
c1a0e608a06648f7a69c96b5544a1fe9,relogios_presentes,44,149,4,1798,29,14,35
beb6a77ba3e74d40ba332dfeae24db5c,relogios_presentes,50,621,4,1547,17,16,33
aa54fe2f79d34d968dc82aa26a126887,brinquedos,42,1215,3,774,50,20,18
1cd7ea7106664ab3b82841a986286df3,brinquedos,27,969,1,3720,10,15,10
7ff01c0664364abaa5751a05d258e340,esporte_lazer,30,257,5,870,35,23,27
32276ee420ae4f9baf6268c23cc66369,beleza_saude,38,302,2,2556,27,26,25
05a3a1ae2a824b2cae9aa10348b52218,relogios_presentes,23,1309,3,4707,23,27,25
20673b9a51c84802b8370318cafa70d9,telefonia,38,152,6,1152,47,30,33
55a59dd923c64c3abae95621cc8a187f,esporte_lazer,54,929,3,2077,22,29,39
1e192f6fc4d94cf7b4d44dca05a19600,cama_mesa_banho,29,969,6,2949,11,23,33
e73d46bde6c346b4a0b5223a288c8af2,brinquedos,44,483,1,4669,22,18,22
01a2e162e71d4baebcb561917f105188,telefonia,49,352,5,3192,36,18,23
26bf8630b46d4222af372ea26c1a9202,beleza_saude,20,385,3,3328,25,13,15
a33fc612756941f2bae3c5900c4c9ce6,cama_mesa_banho,28,362,2,1903,27,24,28
b3eaafcc9e214a49b59eb1ccb00147e2,automotivo,22,248,2,3685,37,22,17
6ad0da2659784588b9be7758d2fc2c5d,relogios_presentes,51,833,5,232,16,20,37
5bcf6abb234f4fcaac9a71a21ca4e56b,telefonia,59,247,3,1326,50,14,18
319a8a9a5da24575b64c77d1564407c5,relogios_presentes,27,661,3,320,49,10,16
a8a6d1acd087426e966316b1ee004365,moveis_decoracao,42,228,4,2590,35,16,23
392057b0eaee419c8e94fa5fd571fa04,informatica_acessorios,28,871,1,1001,45,17,17
6ee213734d9f451fa501a36f457ba0c6,telefonia,28,877,2,644,46,23,35
2a420196eebd43e89723cd54a03f2449,utilidades_domesticas,44,1354,6,2843,32,23,34
76281501b3b14e48be28d7cfafc91713,esporte_lazer,60,474,4,3693,34,13,35
dda1e9d24d764532814ddd7c0c1dc682,beleza_saude,39,1344,1,315,23,30,39
b29ae416afdd40ff90a6e3a26127434c,automotivo,40,105,2,2840,31,7,33
30c48493f9544740b55fd8b6080b2b4c,moveis_decoracao,37,690,6,2195,45,17,25
f6a52733c953480bbc68d4a00e8ed1da,esporte_lazer,31,1192,5,1973,46,5,19
0838f7638bb1431e91600541da648217,telefonia,35,578,1,2170,33,13,22
0fa0e03c16624b089470a691c452a201,beleza_saude,43,1087,3,4853,22,9,21
113327d5313e45e68a32ba963a4ff2cd,beleza_saude,27,633,6,4919,39,21,26
7740e21617cb4d0c9d341ae7196c2bab,telefonia,57,748,2,620,18,27,10
d9280330a1db4619a5c4335d07453f58,informatica_acessorios,20,1294,3,2438,25,19,25
49d95608eb3f4f51942e41835008fde7,relogios_presentes,47,294,5,1691,13,27,26
ac14520beded4bd6a61146acb40ba7c9,utilidades_domesticas,52,205,1,918,44,20,40
60a96eba840c45939580869adb55cfbd,moveis_decoracao,25,739,2,4870,15,15,12
5d063ed10917464b9ca857dd92497d29,beleza_saude,36,568,4,4043,44,18,15
5c11cbe5c9fd42ea9e0bb0e61b8fd904,beleza_saude,20,1095,5,735,45,19,13
3ff9840714f54530b8c9545b623b2085,cama_mesa_banho,59,1475,4,4396,30,18,19
c7a09223fe16400390fa4f8dbfd7f695,esporte_lazer,41,1030,1,3430,45,25,36
b319a48045484e1d89b008aa30c5d13f,cama_mesa_banho,29,976,5,1721,25,30,33
3e425b5e24f34266af766f5117f8cf65,beleza_saude,43,639,2,1707,10,17,11
f62befaca12149e284e2c60d13145f30,cama_mesa_banho,31,499,1,1615,42,18,37
0017f2e7769f48eaa467afeda7f4ac9c,utilidades_domesticas,41,138,6,2774,18,10,19
864bfbca22e543c2a9d1111e5d630d89,beleza_saude,26,692,2,323,35,18,25
771afaf297bf4f23946122984e7cf274,cama_mesa_banho,26,745,1,2197,30,28,28
f771208d9d684e0d96128315bda9be15,brinquedos,29,139,1,3391,37,12,16
ba9f574784c74426aab098f3c5e5b024,automotivo,29,363,2,1219,27,6,11
95de75afaf174ac19e27442887369880,utilidades_domesticas,34,1302,2,1608,21,6,21
0aea9db47c7e4fafbe6cc45f27ba19da,relogios_presentes,28,1441,1,883,49,29,11
2e923e3c50f549658b642e693cfab9f5,beleza_saude,27,525,3,4476,29,11,17
8045435f964d4746ab6d86b9c708b83a,brinquedos,26,494,2,1527,33,10,26
fa519b1ab43b49a5bfae358b341a44f0,relogios_presentes,27,539,2,2092,48,13,20
fc0238c296234b3390fb70edcae4db67,relogios_presentes,38,782,2,1874,29,10,26
3c59bc636fba490087e6bcedb3ff1187,relogios_presentes,39,710,5,3726,37,30,10
315ded28a3de45d59ca22c05b283f1c1,esporte_lazer,36,1295,5,3622,37,11,18
f7242f323cea46bd885a8f6ed384c347,esporte_lazer,23,1294,3,2127,37,29,24
28f634b62d4043e0aac44f369ded1390,telefonia,60,596,3,4792,45,25,30
aa5df92d78934c4c89f1f8898816e236,utilidades_domesticas,31,1373,4,2000,32,17,36
ddad49438570447d9e1064bdae33e265,beleza_saude,41,463,4,3411,33,15,28
d3a7294fd2584f12a3819db667854db6,beleza_saude,37,1099,4,1391,33,30,17
91cc4de8e5234af598538dfa0265fdde,automotivo,23,1368,4,3511,29,8,18
af69c9ef5eb04c02832f6dd88c552805,telefonia,43,548,2,3412,47,27,21
a400d2923c364fc09552795d7c296747,esporte_lazer,38,1004,3,3326,37,28,20
03f9cad179014610ba5c095762f291e1,moveis_decoracao,41,526,5,4855,36,9,34
229761920631421a91d4a2ba381917f6,brinquedos,55,794,6,2146,19,14,16
e3e66dd509b94f68b92dad2356588683,relogios_presentes,51,1313,2,2539,16,15,25
dd76308e3fd24f1a96e7f100a39def8d,beleza_saude,30,1412,4,3527,22,28,30
468b803d8a394cb2946afd35664209d2,automotivo,34,763,3,1840,28,18,27
3fa881852d8547278dfaa9d9e87a7d8c,utilidades_domesticas,52,978,2,4832,11,18,35
f7a344b17f294348903e5fdf4d0860df,beleza_saude,45,1202,2,2525,46,20,28
4fe901af6e6c4e40bf2cb198c0b0fc00,moveis_decoracao,59,1346,5,732,36,8,21
bcddc046e9b2482ab7dffcabae8836de,moveis_decoracao,52,270,1,3324,42,25,16
55a82669ce7848ebbe6405852cd51253,telefonia,25,159,2,289,41,30,16
fe737cdabf764534ab3c0642045cf9f7,telefonia,28,877,1,3962,20,29,36
b2274f055c9a4feabc1b99c701f76de6,cama_mesa_banho,26,660,5,3570,40,22,38
686c24682d344473ad82eb9f8a96e1be,cama_mesa_banho,55,386,4,2353,46,11,13
e1090e0f355d45a5be16d137b63ec88f,esporte_lazer,27,684,4,1709,47,29,19
bbcbc06913f1417f96ef1a242969be9a,telefonia,45,476,3,2377,19,28,28
9b2e26d8c0014e7784e5e2875929f73d,esporte_lazer,44,707,3,3421,23,11,29
68abbb31633c4080920275afe293abdd,beleza_saude,49,384,6,4892,47,25,38
93b06205876c4864b4c0b77e99c0904e,informatica_acessorios,20,540,4,4791,26,21,37
153c8ef2900c4b70b0fdf5256634d1e8,beleza_saude,27,471,6,3488,34,27,19
22cc83a22731444c8b7ef15b2fa994c1,brinquedos,49,281,5,3458,38,26,10
2f1e0509216a4022907ca3d868d77bf9,relogios_presentes,55,559,2,2792,24,24,13
75475305a17744c687e89c2021d846f4,cama_mesa_banho,26,897,1,1491,32,30,34
a236c251881a4629b0a236ead07b77ab,brinquedos,21,332,4,2122,46,24,18
2b34daf6daf544b0ba8151173ccecbd3,brinquedos,22,266,2,1954,24,13,18
2883a714a7ed4ef48f67aa0c895660dc,moveis_decoracao,50,1463,4,4048,23,26,18
ea6f7b3c291b45d8b389f701a923901f,automotivo,26,676,1,4714,44,30,32
70c8e3feac1f42c381bb07ff4fede19b,informatica_acessorios,25,227,1,3656,41,24,16
1c8fcfb9f392471abc2ac13537f7ea2a,cama_mesa_banho,24,614,5,846,16,17,10
bb2961d1f778430693c73d969793e621,informatica_acessorios,57,1440,6,4935,15,29,10
571d5ed2f68246f2b85ab4b024a43cfb,cama_mesa_banho,39,1443,2,416,19,21,27
624e23f9f4ad4ec686d41a843a381c1b,relogios_presentes,46,343,4,4558,12,28,40
6ba91efe9dff4c09ad995ed7b5258f23,beleza_saude,59,1333,1,2118,28,9,13
2e15d2afde274350a1414c3c8ee47c1f,moveis_decoracao,36,1127,6,2796,29,22,18
ad0bc024ee50446e8b8fc9909678e7d0,esporte_lazer,23,529,3,1717,14,18,11
3fe52a703a254731a0b1e9c38fe0bc15,telefonia,56,1474,1,4078,47,8,16
6ba72f89f95e4036a8dea94f7bbc892f,automotivo,44,220,1,2753,40,8,37
d20158c558f24b3eb2ccb92c69a63827,beleza_saude,51,337,2,1207,16,23,31
d7d12d13db63458eab5884460263819e,informatica_acessorios,21,377,3,3900,10,10,39
04bfdebca74e4f89808b43985b8f4c09,automotivo,55,1441,1,2470,15,8,14
5c9185172c2140c1826a701785de5804,automotivo,49,1394,3,2697,18,20,39
f437bd876f5d40379fe3f92787e8c23e,beleza_saude,58,536,4,4002,42,16,25
f2d3ebe3b4454114826171b2c99dec41,relogios_presentes,38,977,2,687,25,22,35
a05ffd4e8e394819a1fa8bbcf565e91f,beleza_saude,22,1404,4,2571,49,8,31
8af77ce1e6ff4869975e196721d470be,relogios_presentes,27,1282,3,1487,25,25,14
b09f581b54cc4e199cd649de28e9ff82,beleza_saude,42,681,1,723,25,7,39
00f84dba5aa1491781ecaf85fb02ce0a,utilidades_domesticas,33,778,1,3466,48,26,23
dbdcc4dbe1de4a179dfc352a54835cc7,esporte_lazer,44,236,4,4588,26,16,20
67385bc1efce47d0a52483e5afcb2056,esporte_lazer,40,459,6,4170,29,7,10
6d53c81c099f4e71b7dd2f5938f3beb1,esporte_lazer,60,844,3,4085,14,27,24
a262cb1e95674ef1b89fe3431e81bacd,brinquedos,54,1323,6,2360,43,21,39
01c9f138dde247a0a23aceed2050e42b,utilidades_domesticas,47,899,5,2412,42,23,40
331f609c93a04ea294523a4e6dc36ba2,brinquedos,34,219,1,3124,16,23,30
9cd1490631c1488ca9c7d9c7257b8cba,utilidades_domesticas,47,1024,3,3392,23,16,21
0f30784df72e4d53aa4949c24ce9f8b9,automotivo,38,398,2,3772,50,28,12
84b28376b4ba4472a150eb295c7eea16,telefonia,29,898,4,1191,33,17,21
5125a8846a194728b1ef141ff25f51d9,cama_mesa_banho,36,883,1,4002,11,26,11
44bdb96b31034213a9d9cf695fbf5d48,beleza_saude,38,1439,3,1011,24,5,36
5814648e45574af58fa6074c49920349,relogios_presentes,52,1427,4,1574,26,6,35
637518c4a8b0450db5949f81b0badb5d,automotivo,48,310,1,128,50,18,23
3f130cb3ab2c47c1b539426199050b73,automotivo,58,220,6,2327,16,20,14
8907742ffd0e4c13a65bc14747664c18,automotivo,29,115,4,3439,20,11,26
86a137bacde64f33a230e776df0fa93f,beleza_saude,27,819,6,1421,18,12,14
aafe2eadad47445184cf6af00fe91a99,automotivo,29,470,2,4655,19,14,10
9bf22b4119af42719d5d3cbad44efa43,automotivo,37,1064,3,1374,43,11,21
c04a694415134dd5b7a9929fa078397e,brinquedos,57,1319,3,361,10,13,12
8b722edf7dac409b99a57262eefe0510,cama_mesa_banho,55,648,4,1048,24,16,38
26e5eab1121d46f98c4a56560f17674a,beleza_saude,27,604,3,343,30,11,20
73e3c3884fe649cdab8fd4d6cda22bef,telefonia,29,437,6,4446,47,9,39
32faeea62ac447f5a16c048e7890eb1d,cama_mesa_banho,47,692,1,3044,41,22,11
6ac464a17d004e169877753600cab6cf,brinquedos,49,1173,2,339,18,22,10
19ab791503784ed9a8e1233b056cc558,beleza_saude,21,714,1,2456,31,12,19
c08e1d5ffa8a4bf3a16c0d1371c80440,beleza_saude,59,781,2,4282,16,25,18
fff75832db264c33a33f6f6ce9c5e858,informatica_acessorios,50,1238,4,3820,28,28,38
9575a543b57e4a6eb3f5e1040bcf2306,esporte_lazer,55,174,2,796,42,26,27
37611c71a7b447ccabdd4475542a133b,brinquedos,34,146,4,1918,32,20,39
19f20f1b54014467b47fbfd5797649e8,automotivo,21,1479,2,3906,45,23,34
696353502a1b4650a1bd72f7e9753a8b,beleza_saude,29,299,2,3742,26,12,36
fd4a13ad0dde4974941b9e08bc8e5253,relogios_presentes,58,1279,1,2712,31,22,20
c0e77397c88b4e998535d316d83486f4,utilidades_domesticas,51,862,5,4787,29,27,34
247a877f459840c682eaa718a49e97bd,cama_mesa_banho,54,669,2,4817,10,18,29
b83171b482b6445bba44533309768e90,relogios_presentes,56,1405,1,2541,32,9,26
82da95fbfed54b53b256b3f9f828cf45,brinquedos,54,978,1,3190,14,28,11
a120b23dc4f24d30bb85feaec855e929,relogios_presentes,41,960,4,2070,24,19,34
d3b5d812d4ef440a840f95a30f83f83a,informatica_acessorios,43,1009,1,779,35,15,14
39c19114ad1049e086879ea89adfe462,telefonia,46,290,2,3526,45,7,19
f4fe6b0c9b624cd698daf0a70480ddb2,brinquedos,55,219,2,3030,24,25,10
87340047b52f467b91e0f7d23cfb7995,automotivo,37,498,4,3364,49,24,15
a0faa660b1364a3cbc58ce89aef0f384,brinquedos,45,705,3,2568,39,29,36
bce8cabe25544f9a975c5ed7925357a2,telefonia,31,761,1,4454,28,26,15
e2415014d9b447d8b7a8f9fdc534d4f7,moveis_decoracao,29,613,2,1841,29,21,10
0b20ad599efc43358c6ef1ed32f7a290,cama_mesa_banho,37,263,4,1132,29,8,33
c3e270e47ec74ded97785e00f4fcd9f2,utilidades_domesticas,41,605,4,984,30,22,20
70a2941f0a8c48bdb8ccc5c7612ec7fa,utilidades_domesticas,49,677,5,335,34,10,36
216b5a662f174cc38aa091fc9a805eb4,telefonia,56,875,1,1428,27,10,21
749224c75d024b3b852c0a924eb129cb,telefonia,23,589,2,1915,19,24,35
5fba940f265743d3a225c79fe8f02ddb,utilidades_domesticas,58,696,3,1585,24,7,20
c29e0cc8685e4a30a3a685f2845e388d,automotivo,28,1175,4,1954,12,13,10
f29ff21f2aa949be8ba0e1b2f6be0736,esporte_lazer,58,991,4,1605,49,24,12
2b723a1da0224c1293233a46781c95fe,telefonia,30,303,4,2520,20,24,14
3d2395310b39420d93bc59faa3af7755,esporte_lazer,21,718,1,3436,39,22,39
3ebe7980495e4f38b4798b1aa2876881,esporte_lazer,27,835,6,2072,47,10,38
a7d18cd824094eddac44b5aafdecba18,relogios_presentes,44,1337,2,3989,10,17,17
a079193ea0924f6dbba68e122f5aaeb5,esporte_lazer,42,167,2,1092,24,23,15
9dd492fd3f05453c90f6964d149629b8,automotivo,22,718,5,3035,10,10,14
5146c66ba7444a9a82180d48e3471452,cama_mesa_banho,46,295,6,4892,13,8,28
8d12cffb9e8b405c9653942e394e753e,moveis_decoracao,35,533,3,1948,41,24,25
3996b5d268bb4dbd957ed7053e057f2f,beleza_saude,58,226,1,576,11,10,32
5fcb4bf2925d468ca98c2b8d370025fc,brinquedos,41,981,1,3186,19,10,36
cd1254f416eb40dda405182ed9ddc941,utilidades_domesticas,44,1486,3,4132,14,21,33
cf2a23e593f547b289fb5264a64d8dcf,utilidades_domesticas,42,1328,3,120,38,23,29
2384d9dddd8540b89d07e8405d7a07db,esporte_lazer,34,100,3,2919,23,9,33
cc8fab6f2489469790d44d1983d5846e,moveis_decoracao,25,888,6,3939,39,30,27
1d74ad9f319f41019f2c7d17bd2ad97f,beleza_saude,38,778,4,2472,38,28,19
52c696da9573428e917bfdded6025a8e,moveis_decoracao,48,126,6,1068,49,14,40
8440fa30c0374c76971a72181df7ae5b,utilidades_domesticas,32,1487,5,955,15,26,24
e26e46c5858e4d8887c0593bd87afa7b,telefonia,47,961,6,3606,31,6,21
bf2574cf393e4f8e9a6834baac328035,esporte_lazer,50,1427,4,648,18,5,35
0bc861e3cbaf427b80560c72fea9523e,brinquedos,30,1234,1,2730,40,22,11
e950deedc1f14e5d94b51d8bf6101a9e,relogios_presentes,24,1379,1,1376,18,12,12
6c858ec275bf4ba188d88edeb3b3b768,beleza_saude,45,1079,6,4581,38,5,22
dff9b448e44d43c3be6feedcba9fa453,telefonia,60,975,2,2846,25,9,14
db913f0310b9428da1f36c3d75f9ac67,moveis_decoracao,51,352,5,3014,47,9,12
2d402d763ad64299b09745ad6214d9f3,esporte_lazer,44,1402,5,2430,42,16,23
a295467789d64f1b8776e91481ecaafb,moveis_decoracao,51,271,1,2443,19,24,19
d35f192bee104404ad77f6922acf6a65,moveis_decoracao,21,182,1,2105,39,15,34
9aab70096b5449ef860fb6d51b6134f6,moveis_decoracao,56,1201,5,1316,25,27,32
c6719e320d20448e85e2de75099dc454,beleza_saude,33,393,3,3682,32,24,31
ca03971415be42f6843ba67d06ce0fbe,automotivo,44,878,5,1809,18,20,34
dcefdd62b9a844beaded92040e431692,automotivo,36,311,4,4636,22,30,31
25a634ed47bb4877a9f38985821d410b,telefonia,46,801,5,686,31,11,39
c59fe56ddb8e40359dd9d8c9310a94b5,automotivo,28,184,1,905,27,26,37
3288edd2dd964011bec543a51b83d404,cama_mesa_banho,44,823,2,3605,35,14,15
ff976c8d8c294c0fbc46489d8d29abbd,relogios_presentes,48,551,3,621,19,20,15
c740848b8fef49fc9947f10a3e2f2760,informatica_acessorios,40,807,2,2139,41,16,31
71090502dbf74289baa0b1113a649b7a,relogios_presentes,40,890,5,3944,36,13,26
6bc33349c5b742a491b88b94e0c7efa9,telefonia,52,701,5,3588,20,10,18
c4fdbdb0c93140f68b2212647a35993b,brinquedos,38,852,1,277,29,18,30
ebb3db69c4cb4c45a6c75ef4c9055d60,esporte_lazer,40,111,4,4839,18,23,23
6e31d6e961d747f28ec599ea5ddcf24e,utilidades_domesticas,44,1193,3,999,19,26,11
191eeed8159e411ea7b7d0143555ae45,relogios_presentes,28,1016,4,4132,21,24,40
de62d1f284754351aeadac61b5e6a412,moveis_decoracao,40,144,5,3711,47,29,16
67cb04732359425baec1a3235e704580,informatica_acessorios,37,383,1,1173,46,8,19
953c34dff9884496a6ced1eb2aec8a4d,relogios_presentes,43,108,2,1307,22,14,38
a41e0749e5714667a8451c86c771eb72,telefonia,49,1226,6,151,28,16,25
1410bf6121ce4596b3b816b73707b1d2,brinquedos,49,380,3,1052,43,14,32
85d0f4a744904c8a872e1eb354feab1f,cama_mesa_banho,49,149,2,1985,49,21,14
a64eb1d52054427f9e16a2a8f3b32f68,beleza_saude,38,1027,5,1279,25,11,24
2d5009ce8834498a907ad317b4031b44,esporte_lazer,23,1262,6,2309,30,7,32
a74f78331b5c46949db2fb4d8de3dac4,relogios_presentes,51,919,6,3747,10,17,16
88475bb80f7e4b4ba09b1c3750248e94,relogios_presentes,60,549,6,1251,43,18,16
8143676461c74c82afe66c0f4655dea5,cama_mesa_banho,27,237,2,1341,11,6,38
9914a5ae92574e3da512b327dbfa95be,automotivo,38,1130,3,1136,34,13,34
377d0c1cb8c74bf89a73766c10c8353e,automotivo,33,519,2,3564,38,26,28
a74b6c251ba04a068ef7335cdb72d094,relogios_presentes,21,1143,2,4525,48,17,25
b4905ddb15ea403c93551b2318b1b59e,beleza_saude,33,880,1,2848,50,26,18
27df63dbf6f8439289cbf40e034cb4b4,brinquedos,38,990,5,1190,11,22,21
aa91603054d2433babdfc9b2fb3d03c8,relogios_presentes,37,1263,6,525,17,11,14
17cf70e8054942669347695718ede4c3,informatica_acessorios,59,856,1,4719,23,16,11
b8dd8735e30f419eb9a8254b69866021,cama_mesa_banho,24,321,3,2490,35,8,25
3663a2a3c4944761b5b1cd0d489782bf,utilidades_domesticas,53,1415,1,4530,13,11,40
fe6b6f57dd92406fb14f08e03acdce4e,automotivo,52,1281,6,392,28,13,30
db41ceb2c29e41ae99b7e65ddd753e22,beleza_saude,23,677,1,2327,25,7,21
b442e6c747084f10a75305f1bec297ba,relogios_presentes,44,1142,3,721,23,15,16
1588900dd56748588b24ee5e5c7beea4,automotivo,60,1440,1,2348,42,25,16
86c2b81872a44bc5a27ec9882bf646d8,telefonia,39,1038,3,2985,42,6,16
38950e89b8bd4ffc922f10cc034cc897,cama_mesa_banho,59,1409,1,944,35,21,39
a4f4f5cb7b674dccab197bccbe55ee3e,utilidades_domesticas,44,677,4,1001,41,19,27
0bb08354427a45ec94274964a7d98b96,informatica_acessorios,22,286,5,404,19,19,35
d0ab61a2f8ae49e98ab5b664e157b11c,beleza_saude,45,1341,5,4677,23,20,32
66746c1c3d9d475e96cdfe48b82d6818,beleza_saude,47,291,1,3096,43,17,23
15a1ec56faf44c9dba8768ebeaa37027,automotivo,47,331,1,4759,46,20,36
3390031116204573ae379aa053b2a2e9,relogios_presentes,48,829,5,4370,22,26,16
4ff9d07885a44814a66af1b6e6c47b14,esporte_lazer,46,234,4,441,30,5,20
73f1bd47f53f471788b5454b006e01b5,automotivo,33,867,2,2193,32,25,27
ecd9ef0722434060ae2ecbef12603d42,beleza_saude,57,812,4,2780,38,27,14
5cf17b8d47a64ca59b64117de91e7187,automotivo,43,605,3,2061,25,23,30
9daa49d9e2d54f06ba263e9eff92e6b2,brinquedos,52,434,3,1404,34,17,31
a8538a77cda949a5be503fc6ff4516f9,esporte_lazer,26,1058,6,4048,31,22,11
c15c2bb086434ad7a9eaa40b2ed5d986,beleza_saude,41,1204,3,3584,37,22,25
0fe83b96d62b415cb33e8bcdc052f6c3,brinquedos,33,108,2,152,19,30,26
221d9833037e4c3da69fd85abd30c68b,utilidades_domesticas,33,422,4,1564,40,29,22
2c1fbff24c4e49f3b51dff1f719d55e8,relogios_presentes,57,1247,6,1918,26,15,12
8188da2e69e94bb8bf1749600cc2d269,utilidades_domesticas,23,437,3,1130,43,16,40
5d18c287f65b4b2ea07ea09e9263d6ab,informatica_acessorios,47,318,2,136,44,19,36
a1b7386ab8874fdfa5801040fa4d6fb1,moveis_decoracao,20,1196,5,3965,18,28,36
7f01511a193c418c98eea890e389600a,cama_mesa_banho,60,1035,2,4651,20,20,35
adda9673971b41ee84e60264b6aa33b2,telefonia,50,1033,6,1049,17,29,26
26b37b94486041df85df9521f84121ec,informatica_acessorios,28,753,2,4038,42,17,16
8ed463874a48423bbe53fecd6b08f4d5,cama_mesa_banho,58,225,1,3725,15,9,12
71654a466464453e8f801a7f0ef971ae,cama_mesa_banho,29,670,2,1684,28,26,19
229cfb6742c0499b84f4fe14a27642f7,telefonia,33,1488,1,2957,40,27,31
f1c12b5617c5442d86c2934c517de3bc,telefonia,50,292,5,3599,17,26,28
29075fa5c36f47b09df491d731e1881c,brinquedos,60,1072,1,3181,33,27,29
cf244287bde4492ca54a26c128a52f42,relogios_presentes,42,916,4,3829,36,14,11
05688c66890a44f3a8853d92388e848b,brinquedos,59,1495,4,4392,25,11,19
af64ff2205c4402fa819de9842d6ddd7,informatica_acessorios,21,135,5,3103,19,10,39
8485d83aad3e40829beada2b00c09a14,informatica_acessorios,28,1481,4,3086,22,29,24
9d570150c01f49ba9bae173c65ed539c,brinquedos,32,473,2,822,47,7,34
0827c8523bc0409abb90a3a44a6c39ef,informatica_acessorios,35,1377,6,208,39,5,21
4e3c24754747463792bf91693fd02492,informatica_acessorios,50,1475,2,3551,13,29,13
3d6f3005222f45438b7f6d6a8d53d2e7,utilidades_domesticas,51,1411,5,1036,15,15,11
dc6b2dfa2adc4005bccf4cbbfc02465c,beleza_saude,22,241,4,1340,36,5,10
66a937423c234e9cac34324e56988b99,automotivo,22,375,4,2956,45,23,32
9e97620fff8d42d5ab62dac205c782a6,moveis_decoracao,36,1059,3,4997,39,22,39
54fd0302d42b4681ab8c174fc5593ad4,moveis_decoracao,34,752,3,4258,42,27,16
d03ce3ba416841918fee35eeb1719a74,utilidades_domesticas,51,282,5,1631,16,14,28
b09ced06368543639efee02905ea3f6d,relogios_presentes,50,1267,1,2165,34,12,38
36782f79dcce4664a60a295f096af21f,automotivo,46,1397,4,2423,25,30,14
69debee402154e28bf12862dae3e4efc,cama_mesa_banho,33,287,4,1236,36,18,21
cfc2acdea8024b2590f6caae280d5b4b,esporte_lazer,53,390,3,3318,44,15,18
ebdd6aa026c147ef8e9de4e5859b2e04,brinquedos,30,1120,6,1152,28,5,11
929b2eaf900e41a5a8383573ac38534e,cama_mesa_banho,29,142,5,3304,13,7,19
650ece3ec0dc40c19a9e355a88bff258,relogios_presentes,21,754,1,4926,11,22,34
cd8bbcae3e8f4197affe5248f219d4d1,utilidades_domesticas,37,526,2,4159,17,17,40
7d5e4f3573b04ed894398fb67afdbc05,moveis_decoracao,23,1420,6,1723,25,15,38
ea4d851ed80c418991a829520c4b6866,relogios_presentes,33,881,5,1744,10,7,39
d4a3eb3c66a24845887d4512b70e2b9f,cama_mesa_banho,23,177,5,529,43,24,28
c75e3a1d0f5e41e4a2fc7eb45cd4eec4,moveis_decoracao,24,1232,4,4368,17,28,10
06c82ae9b9384ca3b9590eb82e3e351e,informatica_acessorios,54,191,2,4414,24,15,32
b4c530d9a0ac4f42806f601db3383bd1,informatica_acessorios,24,786,5,1572,49,26,11
58aa2de3269b41038b506f05b4878599,brinquedos,34,201,3,1907,50,19,23
340613b5186944ef82aaa28d22ae79ec,relogios_presentes,25,596,4,3326,20,22,39
599693169a8c46398daad3b4cd656065,cama_mesa_banho,52,268,2,1223,50,18,26
9b1521a8cc294fbf91bf2db0f30f05f1,beleza_saude,42,1271,3,3859,26,29,24
578333f3687241f58d0b3caab8021edd,cama_mesa_banho,42,551,1,823,12,16,31
f4cd089973224c358bcf638f9df76987,automotivo,33,1481,6,2103,10,24,23
b22f7e6866c0428187a6c02307b27e8a,telefonia,32,1338,4,4227,28,9,13
66b96ecbba12492c8d5751e09f07fdd3,automotivo,57,355,6,2626,18,26,23
136793b0c41f46639afe935695692e30,brinquedos,34,1071,4,3016,11,29,33
07cc96ee293f40658456b7e42c6838e7,beleza_saude,45,1094,4,4023,16,21,25
e45f4834a5354c71a28a2d4998add40b,telefonia,45,356,6,4448,44,30,40
01bb08862f774c17b03d0e94b05898a8,moveis_decoracao,46,583,4,4562,43,26,31
37c3fc17d27f40d5aaba7fbf8e3ff943,utilidades_domesticas,21,279,6,3348,50,10,24
cf81570bac254a92b191693ad0a5cd12,relogios_presentes,31,1312,2,1607,37,18,23
4ce2f134095f493c95c47cbbf7f26618,telefonia,52,1154,1,4768,22,19,30
abfa441e3f7c43dca9da88ce6c6e2834,relogios_presentes,25,909,3,1484,21,22,39
ed07b0e500ab4723b2e3cba25304d447,brinquedos,54,1347,1,3899,28,23,28
4d5f747d841145c583309c90cc159d97,moveis_decoracao,40,1258,5,969,18,15,20
df94395e3bc64b5592139fe3b58d3ffd,brinquedos,50,1083,4,1347,37,15,29
ea6c1f7b647541c59d6c03d84f2e049d,telefonia,44,706,1,4597,22,22,21
8850552a3bdd4b7c98681c38867f549d,automotivo,21,749,1,693,28,8,34
42487d80f04e4168b1d3d9386f47fac7,telefonia,26,893,3,4055,45,23,16
864de692dbb54818b37b206c42c206e7,brinquedos,24,384,5,2987,35,16,35
0eeaaf0ec94a4541ad472945a44b349e,beleza_saude,54,1191,4,757,17,14,26
43812beab7b64cce97b094cdb2579ec2,relogios_presentes,22,214,6,3057,12,5,32
e71b9fe33bdb4de1956221a923311cba,brinquedos,31,636,3,4969,50,10,26
7324771a13da41799015ba377792a490,telefonia,55,1106,3,3893,13,25,17
f6696f8a5b964308a0e8a6739baeb6a8,cama_mesa_banho,29,1307,2,247,17,8,33
6eb4e94770034034af0e2ab526721538,esporte_lazer,41,1397,1,622,42,17,36
8d46d80d53a94081984e1d83be0e87f5,cama_mesa_banho,51,663,2,4782,11,17,31
6008cf7f38304a07a5db5fd167d9a582,brinquedos,42,405,2,1427,24,11,23
c05a6bea63c144028fd21cc6e3f72d89,brinquedos,33,343,6,4694,11,17,15
d1a9a35929fe4fe4a09176b60ac21528,cama_mesa_banho,20,1120,6,1702,11,9,35
7c88cbb90cac43acbe50ca2290985c7b,informatica_acessorios,31,888,6,3569,18,13,32
515c774d67d84e0c82b85e2fb43838d4,brinquedos,48,844,2,3946,50,14,10
913a44b208b84a8cba5b9756b6781cb7,utilidades_domesticas,51,288,6,2369,29,17,40
b9c77bde49ff4ef89b1be5fb74df32a1,brinquedos,43,935,6,4163,26,6,33
a77532f141d343edacc64d6e9e8bb45c,relogios_presentes,54,1109,2,3064,29,13,40
ac03f608b441433c90c01453d112f08f,utilidades_domesticas,34,620,3,637,27,17,30
a28f4b54b2434175a4871b0463cea289,relogios_presentes,55,1198,6,3531,32,21,16
6f1796cd339044e0a1662087c3c7ff46,informatica_acessorios,52,506,3,4700,24,26,40
013d783eb6e24b3aa8f66bbdcb9354d1,utilidades_domesticas,55,978,6,1410,36,20,16
21b0ef4da02b4587bddc16e39134f380,relogios_presentes,45,713,5,2665,25,9,10
301486d899d4427e9f6439d12b29e7b6,telefonia,50,847,5,3958,10,21,38
3f20e603d93d4f21a89cca8a4622fa17,brinquedos,38,599,2,3446,49,22,16
8a396819e6344340ac61e8939c84580c,informatica_acessorios,39,599,6,3627,48,27,20
2a22fed13bad4ce091c5bad7f4c4e8c9,automotivo,22,829,1,2603,30,30,11
5476066d71d04a85939ffdc9ea206e59,utilidades_domesticas,22,1320,2,4458,27,17,24
42f99711a8f346f6a3415542e8c6b1e0,esporte_lazer,20,204,4,1714,27,10,39
ac05f7781b784483b4f09e7ae73cc7c0,brinquedos,32,1261,1,3929,38,12,39
668145e657a9418cb9993cc13aeb9e8e,telefonia,29,1308,3,2308,50,30,39
70d1d567263a4ffca71c57a40b569ac0,utilidades_domesticas,60,109,2,4705,11,7,23
bb9d03f6364a4774b1366571761a1abd,esporte_lazer,41,1245,3,1000,32,6,31
541b2c2168e348518c982cccca8f1fe7,esporte_lazer,60,109,3,2913,11,26,15
61a2499f10b44667bd97007735a44def,automotivo,26,738,2,2913,24,7,14
d7b91173a4414251bf6472db36964ef2,telefonia,58,642,6,2004,24,29,25
ac46a1f7bf9346d9b2e7f3938b31e2f3,brinquedos,41,485,1,923,17,9,17
d7f7a77835444c9a82bf993b0ff07367,utilidades_domesticas,56,159,3,1466,35,16,15
fa0f9f7aab4a495ca25cc380ae74e14f,telefonia,36,405,5,3656,34,10,35
1f1b9029351d411ba63ab9314c1c7494,utilidades_domesticas,27,204,5,3077,41,12,26
770cf6eab8b64fdb94ec53d69bd7c02e,moveis_decoracao,55,1486,3,2955,28,15,40
d0331c8b8de14c9eaf3a9785cb36a63a,beleza_saude,36,1394,4,435,48,25,12
d7b6ca3aeb4e45c39dccfc9ef9fda4d1,brinquedos,34,763,1,742,40,26,38
49f3cfa7ec9f4664a9f68b384c88dd4a,informatica_acessorios,42,832,3,1901,39,27,11
3e3b7d826ad44deea34f842895cbedc8,relogios_presentes,28,1070,2,4554,16,18,24
738ac275700f4d4b91949a1b4344aaa9,moveis_decoracao,35,1005,3,3256,16,9,37
ef333f44f4e549629d234085e47a3125,beleza_saude,40,1074,3,3566,20,29,23
6c7af5e24af6424c960282f49ac9b498,informatica_acessorios,26,455,4,335,42,13,26
48c265722b804facb3f7898ac926a76d,beleza_saude,52,1441,4,3313,20,5,28
4f7c7d8403374c27a46bb88bac5c85c8,brinquedos,23,968,5,2017,15,24,36
fecd56f2986d4d1a859278cc0e9ec2af,relogios_presentes,35,141,2,4996,31,7,23
cef3071999f04a26bd129d07757c4967,telefonia,23,736,3,366,31,28,29
9c67395cb0184bb9ad2ad2c3d3663b74,brinquedos,54,392,2,3530,38,12,31
16a0be45d45744228ac74b60550b5038,beleza_saude,31,540,3,1977,43,22,26
21d39e0c1bcd42b0aa6d0a5a37ec7e45,cama_mesa_banho,39,1128,3,840,28,25,14
039fc89d205a4e0980b92bda277ec290,cama_mesa_banho,29,856,5,2084,35,14,21
2be4cbda60654334b93171e3a2a9b989,cama_mesa_banho,29,1232,2,2045,16,12,18
fc2067442c5e4c0bb0ac6ca6d42e6f44,esporte_lazer,50,840,3,3717,34,19,15
168aba01f177424b988028941413d692,brinquedos,59,230,1,2813,28,23,10
4a0ccdbece7140f5bc8581b7eee89795,informatica_acessorios,60,629,2,796,43,27,16
0afacd0f2cdc4d81a88114ff9e183231,informatica_acessorios,35,992,5,3151,24,30,12
cc80be784d794b17a4babc0c5c0a1e33,cama_mesa_banho,30,1460,5,4063,40,8,31
1463a4cc9bc04f4092decb610fa825af,beleza_saude,40,132,4,1304,47,8,40
50eb640295614831878c72b2d636b3ef,telefonia,58,359,4,2883,14,19,16
705f23c17ef446b3b03c9e9bd22b10ec,esporte_lazer,52,328,4,1257,49,7,33
e97d865790464805a0edec0b2a18beb2,cama_mesa_banho,52,1101,2,1374,20,8,28
9ed1e9afad3a4e93890eb654e82f672e,automotivo,35,913,5,718,30,19,16
9861f4e896514572ab99af82fbcc8f1b,telefonia,47,1091,1,320,32,9,28
6031067340d545f7a106ee4acb6e04bc,automotivo,48,1098,1,3721,28,16,37
885e236468954acf93aa9f8ef7207c78,brinquedos,59,265,3,1709,13,13,18
31c4802eca6a489ba35e4a48b53c6b84,utilidades_domesticas,23,121,2,148,18,29,30
ea0afb1831814b968212e6e4770c89bf,relogios_presentes,53,599,5,4149,45,24,11
bdda117a6a0c4096b503c65d5e952f62,moveis_decoracao,39,1406,3,552,20,24,20
5bc2ec3494f34f0091a8b2f95cb4aba4,automotivo,45,1026,4,486,25,25,34
3ec05895148e45c6b046d100d4009f81,cama_mesa_banho,37,117,5,1785,27,18,31
2f55a58a8e2b4ab8a9db45c62c4fc31c,telefonia,42,709,6,663,44,27,33
4fc4ec06879f4e279bad578e3942c0cf,esporte_lazer,35,968,5,4236,16,6,12
ece5b6f83445415398b9ace9d683d0cf,moveis_decoracao,55,1461,2,3756,21,7,11
42860097a90c411eaba670606f3dad27,utilidades_domesticas,26,599,2,2400,34,6,13
655d7c5e5af84e83ac444c0c7a81e6fe,automotivo,39,427,2,123,16,12,27
d7dedae680d14c6fac8d9d888cb07778,automotivo,30,840,2,1523,12,29,27
44522e39746f48879e471599bc532a6a,moveis_decoracao,24,1476,4,4384,17,28,34
a4204d89be1846fe8e8c91e34f5ec62c,relogios_presentes,34,950,1,2046,44,23,31
9114028ab504439189ac0d89fc7f4b4f,beleza_saude,50,602,6,3216,48,5,24
2e9bf80b6cc141de84e7918f02efc2fb,automotivo,57,727,6,4082,37,20,15
ed2ebbf84ad84cfe965935ffd2dc1262,cama_mesa_banho,22,147,3,1160,15,13,32
2951c695e4004ad995f57dd1ea27215c,beleza_saude,23,1070,1,3841,17,18,17
6a3c687674a0484bb01d6cfc862691dd,informatica_acessorios,55,847,1,4467,48,15,13
ef035a03586a4d339014e0b9616ee8f9,esporte_lazer,33,1039,1,4434,33,7,34
3ddb170c40c64e95abcc7c4182834807,beleza_saude,57,264,5,2269,29,16,18
7682cebd7d68400290ee742d6aab9dbd,utilidades_domesticas,46,1340,4,1261,49,17,21
a2a678b833b049368cb5c35a8536b4ca,utilidades_domesticas,44,335,5,1624,39,18,25
79aa77dc99844a25aa8f37ccdf80fd15,beleza_saude,35,999,4,1052,42,21,23
2a6e031560a943528a4e27f86eea0e9f,esporte_lazer,47,592,5,3003,35,8,14
b17341fa527e46ed81de6238a3da4c3f,relogios_presentes,44,1002,5,1892,11,16,21
1a918f08e1784107916f2bd51c08cf18,telefonia,33,1039,1,1702,44,21,25
78de62cdabe848cb964badce446a16fc,informatica_acessorios,22,439,6,1245,23,26,30
4029dd9bf6664ff688fa31bb83020f5b,informatica_acessorios,44,240,3,2534,35,17,15
b02aaab93efb4261991bb05bfc62003d,telefonia,47,519,6,1889,10,14,40
a2e390036377413eb7ece7c0913928f3,beleza_saude,24,1036,4,892,29,10,30
607909810d6f42dea67dcb1aa97b45bc,beleza_saude,43,480,3,4289,24,8,29
40964d8120a84310b63c950dc3d57324,relogios_presentes,54,963,2,3505,26,20,10
716847bd0fd54313aeeb1673a80d2d9a,informatica_acessorios,44,741,4,4512,46,17,28
8f25d229aa104f8cbce897e43685d9c6,automotivo,50,144,2,3191,45,22,34
256ccf9a70164819bbd6edeb27646a39,moveis_decoracao,20,157,3,4534,24,20,31
57f99facbfba4b16b7bf2ab7a5e3815a,brinquedos,34,922,6,1959,15,29,21
7744a4f1e8d7478e9ab0f72f1f6f0a42,brinquedos,31,396,6,4964,17,26,30
2061966b66424545a7644928b0686526,esporte_lazer,50,218,4,2801,48,12,18
a4e328b20f3f407c89cdd89de13c1744,beleza_saude,22,641,1,3189,19,23,13
d44ca1890c7e40069f18fd55ee86a8b4,beleza_saude,54,1025,2,1150,42,10,18
f829d0bf1c4447918844f2698a5d0b0c,telefonia,27,1162,2,267,15,22,13
9e04754c2cb146078e898370a52a31db,telefonia,57,920,6,537,40,15,31
fd60b9a690b44f3c9588c38e8290a214,telefonia,53,1355,6,4365,26,23,25
14264f74e0194082bb4d36c761037b2f,informatica_acessorios,57,1358,4,565,30,10,39
d587586329d648f98ccd97955d3f2d7a,esporte_lazer,26,1104,1,1004,27,22,37
3a422dbdaebc426d974617f87830a28f,relogios_presentes,41,955,3,4333,16,22,29
c4646a0286da4f6e8d424a8a0440f073,automotivo,26,119,4,730,41,11,30
b3a0a9c93b714a8ba4bc704322301894,utilidades_domesticas,46,598,1,3441,22,8,15
09966f014e8946a1b49faef3ae946938,brinquedos,49,850,3,3775,21,28,37
1dbf26c3a0b04e0c86b401c6eea46bbc,relogios_presentes,26,957,5,2599,48,18,16
6b505ee1f3064794969aa74ce3ec5614,telefonia,55,1138,1,826,46,11,26
0ab9e8a5d9fd415b958c5479d0476934,brinquedos,57,1298,1,3310,43,10,32
6cb2c63fefdd48539a52bde3d3e68722,cama_mesa_banho,27,524,6,206,41,7,23
b28e99d9f585404796c241d4ea67d6c1,telefonia,42,486,6,1506,17,17,17
458352e852b64d8c8e9c4ec362c74bfc,moveis_decoracao,46,346,2,729,40,24,37
56c13b87824041b1a18e22a6853a0f04,automotivo,41,648,5,400,12,14,32
2eda80d07720485094c030af6efe4698,brinquedos,23,596,4,1438,48,16,33
e43f17059c6c45b686ef911deb55a897,informatica_acessorios,43,1156,3,4224,24,15,32
c60302fe26ce4d91aeedd8f0752b9565,relogios_presentes,35,1492,5,4900,45,29,36
59f4d8b4a4fb46cca1e9ddb0a575674c,beleza_saude,29,1086,3,1884,48,25,14
f1e3d75dfe9947de82f18ae10aa3791d,esporte_lazer,40,800,1,3687,27,7,36
5f4a368227e049f3ad5e312ce1c8acf5,brinquedos,31,760,5,646,50,28,36
03b42f610af04cd7a50a430bf26a43ad,informatica_acessorios,51,962,2,970,21,27,16
65cce69bb1584ce0aeebcb0c8726641b,relogios_presentes,22,348,6,4540,35,12,28
a1ba1bba98c947458fc919a1a339edc9,brinquedos,36,833,3,900,23,28,34
a46fead64df34795be6d16b5deef27d2,automotivo,36,751,2,868,30,17,16
0f577f4856044081a067680fd1c38590,cama_mesa_banho,58,596,1,3952,48,17,26
e648e0824baf40ec9f193e307b16c81f,utilidades_domesticas,59,194,6,4909,37,27,31
71ad43201b4f4e76a93f689056b93878,informatica_acessorios,43,1286,5,3907,18,25,18
ce10673faed44fa38110d8daff0d0d5f,cama_mesa_banho,55,1351,5,1540,16,19,25
7f8acccd1c4d46b3bc92716ce746dc1d,moveis_decoracao,41,1432,1,3528,35,21,12
96c5a6d6d9af4a429e0169be133f4584,beleza_saude,33,541,5,3954,22,18,24
7049ca289c83429ba2939f86937aac08,cama_mesa_banho,50,378,1,4022,24,27,19
40f004bb3d604a5c9358a041ecf52c56,cama_mesa_banho,31,725,2,1506,20,28,37
8f44427a731d406dbed23cf0721f1ab3,informatica_acessorios,26,1363,5,1980,13,18,31
b9209700328c486b84c17de27d6b1caf,moveis_decoracao,31,580,4,2661,29,5,13
e5a9ab53deef4434a9e5c480159813c3,automotivo,26,1428,3,2477,27,10,19
13f38e67b3b640089df87938c53074f5,automotivo,37,418,6,352,20,27,18
afe1bc35a35d401f9ec4aaedc2f7271e,moveis_decoracao,43,114,6,2620,38,18,21
978046aa910c477b910db862d8bd2e40,beleza_saude,27,1468,6,4316,37,26,12
8e394601b3ad4220a588dc0880239e0d,utilidades_domesticas,46,661,1,4818,28,8,19
535eb6e517404b89a642254ed4e3be96,telefonia,42,494,5,4516,49,27,12
9bd68970c30e41e5a18bf0558ef98252,moveis_decoracao,49,179,3,2648,50,9,19
1f9599d82ebe4e65a33e000ac6ea3a0e,utilidades_domesticas,25,1397,5,557,42,10,22
7e98aaa2f21d42bba7ac7008046e5cd2,beleza_saude,24,155,6,1735,30,17,20
94c5832c7a4f4d4ab591f284476ff8bd,brinquedos,37,471,6,4834,47,10,11
b10e4441c4044a309e051444b2a853c1,esporte_lazer,35,1083,4,3226,37,23,31
