seller_id,seller_zip_code_prefix,seller_city,seller_state
55ab8902ebc34bc1a613c59f8a70d721,51724,Porto Alegre,RS
1aeaa0cf032f4627aed22014c4ddd8bc,30502,Rio de Janeiro,RJ
a65adeebcd9345d1b7b8382fc67c0a3e,37409,Porto Alegre,RS
942dd8c2ef41441d83b392608d287396,57546,Sao Paulo,SP
9127f0ea7bfb4a1ebdd9070ab450d832,96237,BA City,BA
4b6539e2362f47bba3adbd0475a4ffa8,46616,CE City,CE
abace2300990447cb8bd17d59c27f6c6,33097,Belo Horizonte,MG
5137bd8b256a483aafcd8bf593b958c0,66747,BA City,BA
b23630933c8a454681ac85913bcb53d0,76255,Rio de Janeiro,RJ
e4bf964c1f1e418ba9a5fad43451b66d,70378,PE City,PE
6b96728a0f3d4f7596669118e035f660,44047,SC City,SC
62e1b37f30cc463aa0d231ceba9ca3d6,45003,CE City,CE
d60f3d0b072e424c93ef442cb05ae177,99165,Belo Horizonte,MG
0685087504b5453f8c1e4c6d955c7c38,95260,Curitiba,PR
e9467de9cf4f4d1c8d7cc522d277ddf2,98960,Rio de Janeiro,RJ
3421b9f906924470846ac5921187d8aa,75281,Sao Paulo,SP
9a84bd14dca841f188195d282504f459,16371,Sao Paulo,SP
58e0bbc68f844308827255396dad7666,24736,BA City,BA
7eff7b20c113422ba2013e6bcb21cb98,75171,Sao Paulo,SP
b82489b2c8b84abd8d4990feaf41c6d4,35427,Belo Horizonte,MG
504e5ac0909241baac336709c232a8f1,94255,Sao Paulo,SP
bd5d9f579cea4f668f4a18eb423bf14b,31443,Sao Paulo,SP
bb0bf5dda6a44a70906ae3ef80da55eb,94948,BA City,BA
18c4510ca9c94686b0c91a4b36511bda,98697,SC City,SC
83852366b5734e0fae94495962cbecfa,13318,Belo Horizonte,MG
5ff4d68866634549848463fc86a25fae,79341,Sao Paulo,SP
26d93bcadf8d4ec0873ab4c6aa22ed50,63860,Rio de Janeiro,RJ
d37f3409a900430bad96e34d01129a89,54752,Sao Paulo,SP
37b13c1ca3a248649e1663fd6be63b89,29344,Sao Paulo,SP
d480eb2939774bd39254e1b899a8b63a,39171,Sao Paulo,SP
aff2fdeac8b645fc9cc95d89be268912,68288,Rio de Janeiro,RJ
4a9a1b4644b54917a3daf801a43f9c73,70660,Sao Paulo,SP
8500ee207cd443559bc5c6853e80d904,69371,Belo Horizonte,MG
d2bde5eb4ff345459736a28f59bc078a,27308,Sao Paulo,SP
969db8a5ce864e128647b40daa2743ff,85668,Rio de Janeiro,RJ
a83552af785a4d9eb11230c71152ee2e,66357,Sao Paulo,SP
3d9ffa402dea4ad79ed8985bd7d445ba,62468,CE City,CE
c242b291c1ea466fac9a4b1a5ccd6f4a,99386,Rio de Janeiro,RJ
7e75b1dac77040a9aed00d649c5dc0c3,52456,Sao Paulo,SP
c1ddaf61878d494d975a9a109f65e98e,63311,Rio de Janeiro,RJ
29c2417a0f554a5a9b3087e601198ac6,34680,BA City,BA
a102541cae4c4a508183b29d0923a1be,35556,Curitiba,PR
39f93b43809d41039039f24a14dbda3f,71345,Porto Alegre,RS
b1bdf33f702445dbb1f06be81b625427,10446,Sao Paulo,SP
99773dac32124d45a2d42259d3653958,24611,Belo Horizonte,MG
015ee70c432e45d9873aaabac1caa1df,46524,Curitiba,PR
d614802f4a2a4b0fad3b59e1c7a2cd7e,18119,Belo Horizonte,MG
5683604e9b624c46b0f17713273bf952,94633,BA City,BA
363616b97ba145d89d4839a0d85c16e9,16113,Sao Paulo,SP
8dcbc6c95b8c46f799bd9ec9518ea03e,92483,Sao Paulo,SP
7e4475c79ba3429e8833e61fff11d43f,56807,BA City,BA
20f40cbef45145aba4950256b3546c75,29988,Belo Horizonte,MG
98ea8d6dde244c56a3edbcc5592d54c6,67583,Sao Paulo,SP
d4796a147d2d4dbea9a50d5daddee5a0,80386,Sao Paulo,SP
d51c2d277a3243d783fc7b8ae7ca7d8a,18242,SC City,SC
19725b138d5f46a8903f95c4f19c0126,13222,Sao Paulo,SP
9308188a66ff4c7587a4562156331bd1,58167,Sao Paulo,SP
53f65b60dc324ba5b512084b6a6ed48e,52661,Sao Paulo,SP
0fd08c0be9c946c780c80587ff597eba,95075,PE City,PE
4c5b7eee5d9e4cf28ffe27d64052770a,78045,PE City,PE
bf1f1b5991574cf59d723d95ef160a39,96282,Rio de Janeiro,RJ
14f3c5bd1edb40f88f69161568fea626,15980,Rio de Janeiro,RJ
a54369ac96844995a4d84a46f7151989,14766,Sao Paulo,SP
4023838c82c7439380379a9d6ac51b7e,13318,Sao Paulo,SP
ff3327cd1b96400dbc066e2d2be4992a,29920,SC City,SC
8c44943b7eb54410be07c19470425439,73418,Sao Paulo,SP
368a1962309e4cd5aa4044e232dd1cc2,99445,Rio de Janeiro,RJ
c5400439b65d49869a457315bf8a42dc,33354,Belo Horizonte,MG
795b360798bf4a46ab6b61688d4326f6,26780,Sao Paulo,SP
e0757fa4577f4c1e8c003e8567c5351b,18613,Rio de Janeiro,RJ
063f709d641b45ffb13f792c0c94d7de,50525,Belo Horizonte,MG
bbe3e7ec1d4a48768f135db890bc59db,34419,Porto Alegre,RS
4b62ad208b2a49348f5ef1d5dad8e8e5,51915,Sao Paulo,SP
162692e4861441cca2971955633efc0a,70701,Sao Paulo,SP
4250ed857ded4224b23d94824ddfac69,96844,Belo Horizonte,MG
6564e5b8f92e488b9efbf1a474734a62,35541,CE City,CE
8913904c883545258d67c5563bb4f188,25717,Sao Paulo,SP
9c5b180b92b2481eb38239e06b113726,65760,CE City,CE
25b55d4c41ee4811bf24a34f1101e699,13469,Porto Alegre,RS
6df91d7b8e964b338107aa91d0a9307e,89195,SC City,SC
2dd1c34e071f4a46b6c561d57c8144f0,49468,Sao Paulo,SP
0fdcf8d61af143559eab79eadb4ced59,39715,Sao Paulo,SP
8dbf62f9a3fd401d9d06e3adbd86dcbd,85191,Sao Paulo,SP
20835fa7495348259b18eb214b43d74a,26176,Sao Paulo,SP
6cb73bcdeb1444fa81ac1508b777507e,38523,CE City,CE
0feab21d55884faf985beb84f0811cac,62166,Sao Paulo,SP
fd1262347d9d45e9925a463080e694ea,79348,Belo Horizonte,MG
ff0c326f599a4f8a8c077b013ce72a6b,92253,Sao Paulo,SP
77d371826d8441c1a563736f2a557949,21382,Porto Alegre,RS
aa0006188bd741cea124941524cec417,74798,Sao Paulo,SP
78cc36587fe347c98d2980b9baa32729,31558,Sao Paulo,SP
c74904db78b84bcd9490396743705d68,14598,Sao Paulo,SP
de91a5067b2141bd9b99e9791fbf80b1,36012,Curitiba,PR
4a9e8943bd02447f960db0fd55bad4a3,25941,Sao Paulo,SP
c68c113ffb984163a0453e2f617b02f2,35967,Sao Paulo,SP
d8819bae86664bbdaee867ab5e2a6d4b,59556,Sao Paulo,SP
4f15c4b9bd9b4486aa91450786e290e2,91583,DF City,DF
f51c45e7cd8843058b3c20541dc4956f,55332,Belo Horizonte,MG
b6487108268f42ba8afa47f7f6f8ed8f,56014,Porto Alegre,RS
6ededa4c37d04b1a8330023bcae22790,30207,Belo Horizonte,MG
0c48c3b8168843f4804eb5aa8c9bcbaa,77908,Sao Paulo,SP
1a752be174644bd199a5fa45409cdaa6,61218,Belo Horizonte,MG
1d0b627a1ae346f08e4898158e768ab4,33070,Sao Paulo,SP
6c6b740727124bb08b237aa949d8f7d5,13511,Sao Paulo,SP
0f4a10e2e0c24e2fbb688300d4bf3907,88765,Belo Horizonte,MG
17c9ef086898459bb4c84e85ae8848b8,94525,Rio de Janeiro,RJ
517e65bc54224d32b89ea5646419dbca,34443,Sao Paulo,SP
901ef24ccd9a42f1866d33ddb1f3629b,85446,Sao Paulo,SP
0ea96371ab234f12988773d18456508b,92728,Curitiba,PR
d77473874b3e43c58e8d3787f36464ab,73522,Porto Alegre,RS
f0131a6faa6c4977ac734ccf984a21c6,42260,Sao Paulo,SP
5f9c80bbc16a4c8ba3fbe7214e019960,55084,Sao Paulo,SP
a99a2ed3f54d4acba7d601a8a770e245,26753,BA City,BA
6c50ff96be924507b7674da9dca9e812,58959,Curitiba,PR
bfba69e39008470c8a97c6f245eb46d1,90657,CE City,CE
8e300b5b3d0f401784a0d0303fac56b4,56169,Sao Paulo,SP
40c40d62610042dab8e62c3983020481,96412,Rio de Janeiro,RJ
198226d0aa6749daabf3bb5b66866aa1,99507,Sao Paulo,SP
029d6027b42e45d9ae9aa8e375be8f62,37945,Belo Horizonte,MG
e829dc0652a940dc839f44093c5208a9,40753,Sao Paulo,SP
6341be1149794877b4325529c65b2e43,29445,Sao Paulo,SP
6971488176f64f3f923b58ed53ed510a,32148,Sao Paulo,SP
82a93351ad704a14838fc7e36d01826e,29762,Porto Alegre,RS
1c891a699078494fb4a32bc11d4c8e48,93877,Rio de Janeiro,RJ
644ca81db2c244b495cf1edc2b20331d,68024,Belo Horizonte,MG
05ba560e12c348439f00772cf588567a,39732,BA City,BA
c59f85cb5753420fac9abd47ac55f568,90733,Porto Alegre,RS
43ab8133fb6747b7a5d39956f5201585,34917,Rio de Janeiro,RJ
a21629a5ded84ae6a4998ffccd333800,78447,CE City,CE
ecceb417787c4a9c8ecd5fb6384f3f39,89087,Rio de Janeiro,RJ
7f9b42a893794dad8249083f07977fcb,89681,Sao Paulo,SP
84572c8b4cdb4e6bb8b34443d5bcefc5,32846,CE City,CE
b16a3738817a4d4bbc6b3474b0163267,10186,Sao Paulo,SP
3a25fa7b82b24e0998c72b378b59de6f,47660,Rio de Janeiro,RJ
f96f323b2b4743e9a870ba4371e49538,57656,Sao Paulo,SP
e25d9a7717184528a4628e4fd8d43c71,72086,Rio de Janeiro,RJ
ae8556e9f84443fe974f6ae76d41ca2c,39105,Rio de Janeiro,RJ
209c6d048c5141bfbd16f488cf9883d1,56404,Sao Paulo,SP
5c8cf440e60a430fb8c14438c9e64480,39556,Rio de Janeiro,RJ
8bbd3a0836b2490b8500c2ab8e64ee0a,26934,Curitiba,PR
6525a31b7b514fb8a54996e71eda79a4,39705,Sao Paulo,SP
27eb2af5e8ff4711a472e14dba633a8f,65473,Sao Paulo,SP
572de480324745df8594158c48b23115,65944,Sao Paulo,SP
0cf3fbae3c334c2a8cee27e200bd9d40,21417,SC City,SC
ed6c10c415bd42718b1bebb473a9467d,76489,Porto Alegre,RS
26b185b1fc054fbdb69813c05a6eec26,55876,BA City,BA
8b0414ff387641fe8a333811a8b1e99a,14555,Sao Paulo,SP
3dc4f499af304c2c9b95d51dd2ca2a3d,71543,Sao Paulo,SP
7ffe71ab1e3f48beb0855ebbd7467bd2,62048,Sao Paulo,SP
8aa96739653f4ffb9c7ea2a950b03c69,22011,Sao Paulo,SP
8b52a30214124b079ef812990fc450d1,16416,Rio de Janeiro,RJ
7aa5b4771016439396d8065e9d38dddd,82250,CE City,CE
c8238a30aff14d319d24843cff84d8ed,70177,Sao Paulo,SP
cd9775f4a29844a0965ef1956e414ba7,15971,DF City,DF
4e62e6f2baba401aab0797442e8aa7fc,77036,Sao Paulo,SP
463b79c34b074fe8bc1ff864c9551030,34567,PE City,PE
57314030fa374a348f29592a320ced36,60998,Sao Paulo,SP
24e7d45d169c412095d783972fabe4df,89578,PE City,PE
29da6f642b5b4b0da4ab2babad83fca5,75252,Sao Paulo,SP
eb5a858b49c044a7ac4101a20b392e1b,25832,DF City,DF
1b078f18ff76484fb0789ae60471ef39,76278,Sao Paulo,SP
79c4b09c504e49be88868234d2377a98,30761,Sao Paulo,SP
0f0f01cf6c5b476c859919cb8c07275e,36201,Rio de Janeiro,RJ
4a72a0f373c64d8e8e9757bf3ccde6bd,59955,Sao Paulo,SP
e96dce335e75481d8d9f41a7a729dde1,15056,Belo Horizonte,MG
6dbb327e806c4864a096a11075152e57,22932,CE City,CE
5c573025f7c64e31ac835f6e9b213e32,11855,Belo Horizonte,MG
a3429eb804fc4f9e9ef149a68861b6d8,74407,Porto Alegre,RS
beb60cef466d4523946b87e39897176f,26342,Sao Paulo,SP
0ac4fa77738449279d3ebd0840019ccf,30443,Belo Horizonte,MG
7518ff46127a476db4330cf878471444,61960,Rio de Janeiro,RJ
bf3bc23d13734809a156de7272a51a8f,23077,BA City,BA
3843866e86494587895a1135e0943045,56428,Sao Paulo,SP
84bcdc6267ef48a198dbd3a647348b5a,94516,Belo Horizonte,MG
827c656b076e490d9b302952f1b328cc,82564,Sao Paulo,SP
f2a85df4edfb43a3ba2480d84376b646,39132,Sao Paulo,SP
b4868aee9dce4a8ba58117ecf4b015f5,83174,Sao Paulo,SP
d5c92037f56346f394933c35cee88e74,98836,Sao Paulo,SP
73cc5650ff084e3e9eca844b2f3307a7,83429,Sao Paulo,SP
db212991c6e442ff8f16dbd1897f08df,92853,Sao Paulo,SP
0954866ef2974dddaf74b4dd718c7016,33971,SC City,SC
3db7d4510d17487697df2e98febda8ef,21749,Sao Paulo,SP
5b6a200bb16d498083919848c907c9d7,74617,BA City,BA
e29872c252464423874d101a0ce7990e,97322,Sao Paulo,SP
ebab299ff2ac45349d6c0f52e02f2835,92610,Sao Paulo,SP
61391974ba92431a890a7d2803d9a673,66982,Belo Horizonte,MG
f651469f7c6b4d22875b724749bb7e86,44359,Rio de Janeiro,RJ
f4de1b7a5b7940c282a2d0701eb212e4,80009,Rio de Janeiro,RJ
30df5cab33bc4ff3a8c7d60a87472521,43852,Belo Horizonte,MG
dc71ab0bfe3042d3b6f4c8a062781b46,62761,Sao Paulo,SP
b1233f0299854bceb585854a2f3a08e5,72714,Belo Horizonte,MG
a8448a65b35a486f9200ae2e7bb0d855,36254,Rio de Janeiro,RJ
dbc42ba31aaa415793171484c7904625,52508,Sao Paulo,SP
ebe297b77834465fa44584565c678fbb,68014,SC City,SC
1fcdcc1ca891464b81866712e69a831b,44426,Porto Alegre,RS
8171a8a2cfd84abba45ac3428d72d945,27173,Sao Paulo,SP
a4861a7e0d804c209a93762bedff6ac3,29024,SC City,SC
d55e768f7ba041f38c09e13c29c1acee,37501,PE City,PE
0de7f853acfa491bb9d8d7526b87cf2a,38402,Rio de Janeiro,RJ
63af2b51f75b4bf5be3b335f30b83e82,30023,Sao Paulo,SP
07827a6b825c4893841a134f1fd5b5b5,28564,PE City,PE
95fff634c89344ada68387a5e67b385d,31153,Sao Paulo,SP
8361a8fd3e5c49fd8bc16ebd7d6c8fa0,76631,Sao Paulo,SP
2e0ddac19c57481f90ce2a79b27c4812,12213,Sao Paulo,SP
4996c2c9f6d144b9a0520e83f04390ea,93196,Porto Alegre,RS
22bceef080724f17a8ea5ca40a70ba96,23910,PE City,PE
275fd220e0f24aedb2f87fd713323abd,89616,Belo Horizonte,MG
0f9d1caa5be0446c9fb8047e371b2c24,48277,DF City,DF
7fa1b66aebe14404b459244ce5ac1b65,43260,Sao Paulo,SP
438102a5749d4451bc8a63020c7a2fe5,30180,Sao Paulo,SP
1ec16922dcb644fea476cd7d44fd88a1,55364,Belo Horizonte,MG
7337f516a62045a58e8f851d7f989202,83428,DF City,DF
79d1517289c7456dace69edc04d89e0a,97864,Rio de Janeiro,RJ
192341bfb8c34d3eacdb9591b3346b6f,84196,Sao Paulo,SP
2c1cde54c09b495ba107d9884734f17f,30222,Sao Paulo,SP
08916a747b5d4eab87bf94be0ba636fa,97163,Sao Paulo,SP
5128aaee764847978c7ce79b84bb8605,99827,Sao Paulo,SP
7ad2cc4ff43c49399f4ff4b39250744c,92750,Sao Paulo,SP
e7e1d51b6b9f486a80b2ac8f592e2035,34134,PE City,PE
9e8f759aca894f3d96f4bf1003af3914,33414,Rio de Janeiro,RJ
d469f5ac65994f05a9b13eccdb52248a,56365,Belo Horizonte,MG
8793f440974342d884e45649a0f7d865,63087,Sao Paulo,SP
03712703fd8848b384fb891b9564d7a3,17492,Sao Paulo,SP
2870d2920e8146ff954793367b90ded1,59417,Belo Horizonte,MG
4d5ccb610b52401e96be33dd659b78d5,33991,BA City,BA
4c3f71e096484562b44dad7cd52a189c,90993,Rio de Janeiro,RJ
d6702f7c34e542d1b92b56241fd11070,54241,BA City,BA
a3628956bd7a4f6bb84124c26e82f97e,37664,SC City,SC
42578fc77e3b40e0b3b155b891a058dd,58705,Sao Paulo,SP
c06f6ef4130e4ee985be86f4ee14abc9,95994,Sao Paulo,SP
e6de3006d81e47d0a8c572139705dd83,16463,Belo Horizonte,MG
10d253005fd34d22be0adf7d133669ba,61067,Rio de Janeiro,RJ
14559d695d1e4140a6174e5c6b266aa7,41751,Sao Paulo,SP
e11aba726d364f2086adb125fbef99ff,93287,Sao Paulo,SP
46b1199098fa40c4838ea26ae8fde754,72755,Rio de Janeiro,RJ
b739eef895e94d20ad64e4b7124fcc6b,42065,PE City,PE
af1bd22caff8435eb1c60cf04e4cdade,18738,Sao Paulo,SP
a7921ac5b88e4d05a719f0281cee51c0,94902,Sao Paulo,SP
52dce1c275334fa1a473807d9c85d30c,25039,Rio de Janeiro,RJ
2a216485c636406092e07a75233bbe86,79674,Porto Alegre,RS
8e4da29c912e421a9710e95b0083500b,17264,Belo Horizonte,MG
58c7c9d0073147be9b17205e60312492,45593,DF City,DF
47656f1f26dc41b1817a41e0bd4af2e6,62011,Curitiba,PR
94db957567954c94b6c57c067bce5658,99610,Rio de Janeiro,RJ
e48ad297dbd5406ab36c4690b7676aa8,74458,Sao Paulo,SP
36c1fb4390e94d47ab12a92cc1c6de5b,46146,Rio de Janeiro,RJ
353b3096fb0b43b5b0b3672841e9a970,23702,Porto Alegre,RS
24b4cb39991d49158a5061b420daa4d5,40974,SC City,SC
6f530800869f467faea8d5c4d9c3d2c9,10827,DF City,DF
8d818f4666604ee49ca3e6912541c209,73644,Belo Horizonte,MG
2bd0ea1a02014da59fe90c60852ca163,97687,Rio de Janeiro,RJ
0ee6c9ec1a334c96854130359c76389b,51321,Sao Paulo,SP
5da71b239fa643458766b3005775b176,40030,Sao Paulo,SP
ad1e76c2c8ae4a4ca66e3fb733ee5bee,83254,Sao Paulo,SP
6289adc00aea4512a41143c17536e559,49962,Sao Paulo,SP
4aa09c67f6624bd08e091ca3f28f1870,25994,Sao Paulo,SP
906bf17a3353442d94237e3db90d103b,95616,Sao Paulo,SP
7a43acebfb564d29889b97bb1c42cf00,83621,Belo Horizonte,MG
47af97abbfea46eda844b6a139ef8598,52461,Rio de Janeiro,RJ
4b18cf5d33a84a6c82d0116d9fd46bb3,29463,Belo Horizonte,MG
8501c27753a84628b33ae7638cb69f21,11776,Rio de Janeiro,RJ
473948121d524a2e90fc5839b1eb9320,96506,Sao Paulo,SP
fe0d45027fe44ce99d01b1947e4d1e37,19402,DF City,DF
0e63390c10254727aea11bed0b416934,38803,Sao Paulo,SP
3db1c42aefd548ed8aa3e921dcc78c26,60510,PE City,PE
a99b200c1d974525b4a29f234016012b,32874,Sao Paulo,SP
7448522b82854912876c6d43a31b4cd1,62598,Rio de Janeiro,RJ
814e6b5a991b4593a8e618a7db4fb0fc,96651,Sao Paulo,SP
44339c8fe4474f128d70df2744a969d6,17514,Sao Paulo,SP
9e83ef5ebbdf4c099095f65072bb47c8,76678,Rio de Janeiro,RJ
e55aeb07b32143849b8ddda1cdfe8ea4,47594,Porto Alegre,RS
b79a2c7d953a430481ca524b4212263d,97027,Sao Paulo,SP
4718c7174b6b422da78ce7133bc2798f,62336,Belo Horizonte,MG
409e713ae5754eb495ed95b09d7d0528,40046,Sao Paulo,SP
387c908b0951414b952046b005367b2e,84830,Sao Paulo,SP
8c4e42b5b9664443b360cd92714a8702,72066,PE City,PE
10ff4d140cd24d7ea191bc67ef60b5b5,96094,SC City,SC
4ebd6e2586dc449b9c86aa0994b643f8,57890,Rio de Janeiro,RJ
5df88f98b943417e9dcde1256d1f534a,60609,Sao Paulo,SP
6d387ba8d40447daacc15f3f0d3d515c,18291,Sao Paulo,SP
b64de9ad36374aa99d61167cb565be85,51134,DF City,DF
45c0e6cb9e944ea1b27f4a6f72c28cb8,46287,Sao Paulo,SP
81a6280838794b6594615bf0f5461f76,72409,Curitiba,PR
3fc0d3dd333f41de9c69876ce134126f,15902,Sao Paulo,SP
181f913b98b1496684adb078cf86c59c,57386,CE City,CE
0b8cd23daa8b4113979e7f0ebabb8083,51736,Sao Paulo,SP
74c70b9d19994c379e45f9baf03be8e7,42955,Sao Paulo,SP
71f1590a5a2742fb93b411e88dc3f52f,84537,Belo Horizonte,MG
a132c32b112b4691bd1c4e613be815a9,19531,DF City,DF
23083d13a2754f7291878f48dafa8f68,32843,CE City,CE
5fef20af24874d07aee0fd78c6db3401,92078,Porto Alegre,RS
2a74f4a0feb440d9bb401df800048490,96466,Curitiba,PR
20a897eb2b2e4e6189f5001626eaf7ff,18820,Belo Horizonte,MG
84a0821bae864ec0b4478ef4206d87ab,58272,Curitiba,PR
942b95490e3c423488a48a042bd346af,21334,SC City,SC
3865b1783cbc476eb72c74c7145e108e,66114,Rio de Janeiro,RJ
7b392ef4d01f4d6f9ece192f4b240ff0,45083,Belo Horizonte,MG
4277e12c31684f3a9d7acf4089d21846,19439,Rio de Janeiro,RJ
0ce1403374194be48556260fd991bbe8,20157,Belo Horizonte,MG
7bec6d447a9d42d794c6740908ded437,84216,BA City,BA
f4a6e0f9e0f0400a9d52c008259612f9,98241,Sao Paulo,SP
290080bd7f3e40c3bc80db3c2f4023d6,54855,Sao Paulo,SP
049b538ee1e94c2aadc272e2eb49369a,53246,Rio de Janeiro,RJ
e04a524a67f24c57b6109fd2277368fd,66133,Sao Paulo,SP
0b93fc5f2a4747fba069a62be7452afd,45601,Rio de Janeiro,RJ
97af2a731d4b4239ad66f98c198db465,12216,PE City,PE
4ead67342eca40a5839323952b15b977,84655,Belo Horizonte,MG
bc13945091f14d298fd796f404845e00,97887,SC City,SC
698df05394974a87a38bcdc219536903,21970,Sao Paulo,SP
fb7bd389ea8f4a8cbc68ff4da6f1c35a,85527,PE City,PE
ffcfcc114cbc496c9c5da224e1f42ade,59279,Belo Horizonte,MG
5c1504a154114c56a0655a45a738d6b9,87650,Sao Paulo,SP
2f4924dde1ca4823b131142113515206,37724,Belo Horizonte,MG
9b259c2648ac45dd8f2e835de96d179a,87454,DF City,DF
338bdc943f6d43d0aa5be876d61f138d,52079,Sao Paulo,SP
918aae5a8ff44219a2352ab801475f04,69095,Belo Horizonte,MG
b8009aaf89f24e80a44d2f396c59e267,81712,PE City,PE
e437c127305c4558b77f454e30745ac8,75097,Sao Paulo,SP
60dbc1c8652044938ac7df135e5a70c9,56891,Belo Horizonte,MG
e2f4b4b18317420baea0d073e43f4ca7,34230,Rio de Janeiro,RJ
42d40ee0912147aa885be649ab1cc837,17890,Sao Paulo,SP
d5f4b73d53ee4a4c88901baf860323b8,72542,Belo Horizonte,MG
468f01a853ff4a068bda23445cc2ab06,10069,Sao Paulo,SP
c98910ddcea443b4b436e20fd8cb80b1,27968,Curitiba,PR
5dc05f88ac6a4365afa8b3ebfc443b61,12380,Sao Paulo,SP
02b5e5dde4e842a39937b1fea4d65a6d,43242,Sao Paulo,SP
f03c838c49834effa568938f59c249ba,32115,Rio de Janeiro,RJ
25e4246953cc44078872fc4ebc091385,66963,Sao Paulo,SP
7e5b5cc1affc41cd892fdcc648df09f0,30748,Sao Paulo,SP
eec9d8a0f7c0425bacc8f19256b5401a,97380,SC City,SC
f52acad66eaa40339ba4049dc4d154cf,11954,PE City,PE
b4057b31d24444b7aa0230727e8b3ee3,19321,BA City,BA
6d5d95ea828d452f82cd3767267c406e,91625,Rio de Janeiro,RJ
64e53016fcc442cfbf6850aa90b1ecd3,95462,BA City,BA
0cd153af48af4d6c94635d261344aecb,75028,PE City,PE
d0999524dbfb40a29e46133daf53daa2,22595,Sao Paulo,SP
5c106274817f4be0a17ed41537ca7418,27819,Sao Paulo,SP
c535f7b0338e482ea75d9148f80b2a82,96721,Sao Paulo,SP
8622ea951b2343dea66a16ef1aa55b74,21770,Rio de Janeiro,RJ
1824ffad51ea4d5fb2204b4b1755349c,29617,DF City,DF
4a168a7f8bcc493198ca25fa6c0b054a,50302,Belo Horizonte,MG
2f3ce9735f6a421cb3fe9a52ccd672d4,19606,Belo Horizonte,MG
4203a3cf2bec4852bf4b498e847d4c06,36448,Sao Paulo,SP
e256a7722da544a5a25cbebd1b0b42d2,84917,Sao Paulo,SP
98b3af1002114182b4c76c812781339d,41935,Rio de Janeiro,RJ
dea3b537266544a4a3a1609dbb85a0ca,66360,DF City,DF
f07c34063f724da8987b4b610f7a8ca9,91304,Sao Paulo,SP
e5d35e147ffb465b9499cf3aca5b35dc,62891,BA City,BA
6609a1983607470c9c45bc730dd8bf55,70654,Sao Paulo,SP
645ea54437f841ef8fd2471fe8b7c980,79727,Belo Horizonte,MG
9af43a82ec7f4132af5d936d135f05e6,84256,Belo Horizonte,MG
39dae0cd28064b3985fd90f307d24389,94838,SC City,SC
3dd77db5934a41349600c8f68c6a025a,69494,Sao Paulo,SP
46069778f82641eeb349c6b7b40dfa9e,63213,Sao Paulo,SP
4a3449e591ff4a4996f58795befd5f2d,14762,Sao Paulo,SP
ee088fdf69154f8a9a8c99f0ad5d6e38,84238,DF City,DF
b1ba5c2b9f7e43f788333c08f9582bac,78579,Sao Paulo,SP
ab6d971364174c9fb8d076ca34e10391,72202,Sao Paulo,SP
12719478312b428b81c2d8562cf241a4,38261,Rio de Janeiro,RJ
5bfc05c30f60401ab08d14da4162d645,19724,Rio de Janeiro,RJ
7d12210cb3d44e9f900e5de3f7d6a71a,31623,SC City,SC
3a39acd9372c4732a65df3249c6b8333,65884,DF City,DF
4bb59b95c6474506ab521c9cce2525bb,74297,Rio de Janeiro,RJ
1ba15c33a1844940a2e2cb8f2d3540e5,73422,PE City,PE
588fcc0407a24ab7ad8a4dc290edab10,40320,Porto Alegre,RS
edca59a31a884382ab2ed4dd2abdd6f7,20473,Sao Paulo,SP
85023e5e056944c1ae2d7649ee016ed3,88897,PE City,PE
e286e4f3209c4b24b2569abd992cc505,34297,Belo Horizonte,MG
89445444e35d48189da6244df73294b5,27282,Sao Paulo,SP
40efeb989c23432e879e6af9c02d8964,67389,Porto Alegre,RS
6752145f27024006b9a095176d98add7,95463,Sao Paulo,SP
0449ac426a9c478f8d6c3f4c239f2f16,61039,Sao Paulo,SP
4245a51a3eec43b682896ee7aec26b7c,98467,Porto Alegre,RS
aaa02836b8a144a8b422f9827da8b33f,13711,SC City,SC
204fa33de754401182e4f5d98703b3f5,70343,Porto Alegre,RS
c66917e6e27e45be8dab4881b7b37f5f,54448,Sao Paulo,SP
4bf2ecc253584437bc1bb76d380a4d46,85599,DF City,DF
be7050f785584534a4cc0676844a44e7,79522,Sao Paulo,SP
642d027cd7164bf69d8659829112a77a,80092,Sao Paulo,SP
13d1d091430c4df7b3a2eeef0125dfb0,91479,Sao Paulo,SP
9b2dc676648e4d1c9e8b8ab546becfcb,72279,Sao Paulo,SP
deced16151ed4b67bf4a4c27efbc3e4e,95032,Sao Paulo,SP
cca08dbe39bf4ca2b15de9127da77b19,81394,Belo Horizonte,MG
4137f6326e4f4a26bf248c049373a1c1,65096,BA City,BA
8672024435ed45178446d3156cc61581,56191,CE City,CE
6522400938b94e4f83ba5674b6653401,41094,Curitiba,PR
6336a9a377df489186262534b1500c1f,93545,Rio de Janeiro,RJ
62555478ffbd4a038adf1c0389c7bca9,37263,Porto Alegre,RS
98aaca71f2e74d35bdca5ecb4dc09c5c,92701,SC City,SC
5707a072b8c146bba4e0d7b4338c4fac,99776,Rio de Janeiro,RJ
f0533ac9ad0447228bf6f1676e5f8a40,84929,Curitiba,PR
1431416fe9754e3f974d382d5c252a1e,50470,Rio de Janeiro,RJ
604b66971ebf4d9690752e185c6f2b80,36609,Sao Paulo,SP
dceb7b6257304b37a9f9728f6a907cee,25111,Rio de Janeiro,RJ
89aae99a556a489a9a76775674a9c431,88986,Belo Horizonte,MG
0c74eeb321da4b2a907965baf59147c7,22018,Porto Alegre,RS
2fa8557ae5f44622a2ab81adab0c16dd,92570,Sao Paulo,SP
6c0bea896f6b4bd18fb94ed5180aa790,60099,Belo Horizonte,MG
2162fdefe36a426cbbcd662b12b7aa02,53098,PE City,PE
0651e4a56ba04b67a2cedb4e9c572f51,50470,CE City,CE
41970702ef154853bca27ed017529778,34690,Sao Paulo,SP
b47513f968da4be0b97c33a516e35829,14047,Sao Paulo,SP
d2909b79f54b431dbe5ae99b8f9e9183,77173,Belo Horizonte,MG
77155da54d324c38ad37173033d45deb,98095,Sao Paulo,SP
2af7f54b146e4cb19ee6d875c4b3e278,85788,Sao Paulo,SP
bdd1fec4ea1f4959856fd5ae5a90193b,93484,Sao Paulo,SP
7f2f6ebd2a0049a69b81d794c094b00a,53892,Curitiba,PR
595d9e7d8bbc490b82397be54ebadd50,33814,Curitiba,PR
3a61dfdb5faf4289939ebbc84c6742ac,40562,Rio de Janeiro,RJ
5b4231ca94224fafaf0a5168b6d8e733,26343,Rio de Janeiro,RJ
08b90b01e0eb4f5aa4b89573fb9ebe2a,28970,Belo Horizonte,MG
db55c491e3a0471280d746f1c8e058b1,15987,Sao Paulo,SP
c289e92911ac4bdca2b4c4c2e37fa4ca,30780,Rio de Janeiro,RJ
570166dd5b864d3dad17b27fd924a9f6,25866,Sao Paulo,SP
e3fe94f46a514514883fddb5646c831b,86820,Rio de Janeiro,RJ
dd4518baba81484ab00685ac4aef85af,19077,Sao Paulo,SP
a5af88ed5cd94eb1a2a75f43155a81a5,56133,Belo Horizonte,MG
4ee12640043840aeab18b06152d32e61,13082,Belo Horizonte,MG
d37587c4f6fb4e779469ccc77583e57e,55757,Sao Paulo,SP
3845ea8e731344d899ac8685f33aeb22,73738,Sao Paulo,SP
e3e580d1b0d144ab9626387a1ccac355,59563,Sao Paulo,SP
fde4043e7a1843c781c2c4ec3fb08c6e,45689,Belo Horizonte,MG
1a8f662cf3ff47dd98992a40a41738e9,47065,Sao Paulo,SP
2fbc974fd5674e7b857de9053286e483,83798,Sao Paulo,SP
3828ab7fcb5446a6b72df54569f000a0,93897,Belo Horizonte,MG
0b368b46c7d34d0e9e735d31332494e0,69781,Curitiba,PR
5c65247bc1314326b02fd3ceb9be4116,47236,Sao Paulo,SP
50fade9a50fd476b9daabce201af8933,72906,Rio de Janeiro,RJ
f62be070cd1647e088dae6c9f1339ce7,10902,DF City,DF
e068cd57fc28450f8223e62e0d157f97,16545,DF City,DF
a2953e11077d43e3be5ab32ee235d350,10156,Sao Paulo,SP
38d0fdba3212424c9140ab32aa2ea32b,28386,Curitiba,PR
0919be1882d94d6d82c4a311ff6ca15f,65163,Belo Horizonte,MG
558a68709a2c4e049c986e99f5607746,83565,CE City,CE
c72cf014ada84c8fb08c4ecabc18b5d3,70852,Rio de Janeiro,RJ
bd79f6d9f9434d669b57d62ebe05c0f4,61857,Curitiba,PR
2a0ecf3451dc45749b4f7154f18fa8ae,50130,Curitiba,PR
86b241623f5b4cdfaf36b66534c8ca1e,50525,Rio de Janeiro,RJ
a330b4de217d4c62b342b72243fe440f,81402,Curitiba,PR
bf7a49af813245bb81b1200e366fab2a,97212,Sao Paulo,SP
354721c067dd4cfaaed855d5b851298d,67050,Sao Paulo,SP
fca7aa16a89e4f1c9b82fb759ccec7ce,75065,Rio de Janeiro,RJ
b23a284642724c54828735e2ef6d0c44,62548,DF City,DF
b40a81e7f02a421abdbd2cc7a3b6ff05,49025,Rio de Janeiro,RJ
e50a218e64394536b813dd5f6f8d12c7,85025,Belo Horizonte,MG
02f175c6e86a41f5815934a74c9bfb0e,68697,Belo Horizonte,MG
13169d2aa9284b24a484e82dcc63d56e,87736,Sao Paulo,SP
493594e252134caaabcba6145d6c0b7b,69000,Sao Paulo,SP
b14067c63e1f46a7a70ae488f47ff823,50568,Porto Alegre,RS
a3055952387a4f32afa0821e3df9e484,21668,CE City,CE
de997863194549178a8748ff670ed340,65022,Sao Paulo,SP
3b531f5f0d1546f4baeec3ff95fbc3ee,36385,Sao Paulo,SP
c8a06abb6270428aa97bc317c97e1899,60548,Sao Paulo,SP
18f9f381df56412cbd778a2c75f1da76,55555,Sao Paulo,SP
6732af0469164bacb22a13ef5a6d6e3c,65919,Sao Paulo,SP
acbd36c8bcd24e2e82a9fa5bf41647f0,14426,Rio de Janeiro,RJ
8d937620c178440a9088c462c3e10887,43676,Sao Paulo,SP
41e9987f0b1147c38aa557fd8563a864,53335,Sao Paulo,SP
e5f1e24dcf8c4d72b2d3795c2b176433,14328,Curitiba,PR
1c81294fcd47454ab4d12ebbfdf04568,13021,DF City,DF
01c7f311d936423c80afe205f6b1889b,63307,Sao Paulo,SP
184002fa5ac14dde837093dee0ffc4fd,42016,Porto Alegre,RS
2e58b80e839247569a79d5afbc95f54e,56268,Sao Paulo,SP
a794e37914694f30a27c0fa266231abd,51252,PE City,PE
cfe00450862d40618464fdb3669c3e99,38913,Belo Horizonte,MG
5a57a2e3fe5c4b2783204a0d72529f86,71637,Curitiba,PR
bdbb9a3c8e0e4bd3914c183510f9eab7,36106,Sao Paulo,SP
9ddc11b4219149139bd62e4e0d8e7abf,14932,Belo Horizonte,MG
803a2e49e80a446593ef6c412c3d1f02,87183,Rio de Janeiro,RJ
0e15eae9cc03431aa8d8c3d2fb8a73a1,60609,Sao Paulo,SP
e0d38c7fc07544a3bde930b97fa939be,45703,Sao Paulo,SP
f7ef167b3c3c4377b7122f70b49a0e9d,84061,Belo Horizonte,MG
3d75dd5c773b42859430e998c866a52c,65918,Porto Alegre,RS
9838b70a47b445ea9034ddf6a4a7305e,90800,Sao Paulo,SP
83a5a4ade3fc41a79d4bfdf3f1e08f63,34441,Belo Horizonte,MG
1fb0636dbbae43059a06ae993ae33052,70870,Sao Paulo,SP
a75e8a62b3384d829e04fc4f93553134,67852,Sao Paulo,SP
140a0e46f71d480cb3ed5c97258201a0,20364,Belo Horizonte,MG
037aa6b881384bc6881a57db9eb00a1b,24406,Sao Paulo,SP
baf6e7db05384867a3b0fa10decaf70e,93229,Rio de Janeiro,RJ
9973512ba4e6465eb596d14283208718,84112,Sao Paulo,SP
d1511100b4bb43fb8b2a475f69216cb6,95206,Belo Horizonte,MG
2d3136d5179641d6a93247427f1859ec,56936,Rio de Janeiro,RJ
c5f1c2d7adb343c8aa8fdc48336e83ae,28003,DF City,DF
45249f5353684512b6746833c5c341c4,84620,Sao Paulo,SP
d7afa7e82e6c403a9fa4ea80504a2f8a,59827,Porto Alegre,RS
dbb698d575054a4999ebc8f4fabf2a6d,39194,Sao Paulo,SP
22d04e664b104d309e62fb070ce6a607,52086,Rio de Janeiro,RJ
9b00142de0804bc29c0e10f5d97448bb,36986,Rio de Janeiro,RJ
4bf5cf77836143528dca75b0368a286b,16494,Sao Paulo,SP
8bbe79a00cdb4dd4ac435b18ef7b5bb0,58622,Rio de Janeiro,RJ
e7c44114869f4c43819167a88c8c012a,87799,Sao Paulo,SP
0d60e4bfba3b407a9ec9d6d1df79469b,71073,Sao Paulo,SP
4fc0ae5939a548be8c40105f8b823edb,11042,Sao Paulo,SP
44c0ee00cfcc47219fe4b9307535224d,33494,Porto Alegre,RS
7884b249cab540e1bacf2e6eb372d699,58235,Curitiba,PR
83bc078081fa48948d00261955104a97,55844,Sao Paulo,SP
9404305b6d644cff86217f640524efd0,24433,Sao Paulo,SP
5794340a887642798262ecb725a6cd52,31169,Sao Paulo,SP
1332a51a182e4d8d82a0b20ac5abe32e,79339,Sao Paulo,SP
3eef1c1c16ac4f55987b37104b503f9d,31115,Curitiba,PR
d0f13b5c048f493d83946d92ba300762,70643,Belo Horizonte,MG
76974cd7435149f79b4ec079d38f9be6,64201,Sao Paulo,SP
9ac811b423fa4587b4f553f9f2e67e57,98397,Sao Paulo,SP
aa46e13b9139465db89b4ab28b9bab0f,37049,SC City,SC
a2cad234429847e582969701f9606e59,65910,Sao Paulo,SP
104d9a3f102748919c1fb2f5f2bf569a,49283,Sao Paulo,SP
3f2ab91e3bbe4da4a0c380d7e2cd2acc,40771,Belo Horizonte,MG
a5c780cb46334b8dab8670470a6f732a,20271,Belo Horizonte,MG
e8251502ba2249ad8027b0e2bc93f15e,51158,Rio de Janeiro,RJ
3256cb1248ad4b4f84817748a3fefa10,90488,BA City,BA
a903d001bee44525b5e6391f42278fea,48008,Sao Paulo,SP
bedcc54cce7a4e629fbcbad77d2ab169,78749,Porto Alegre,RS
ba14e082dbb44691929346a735b72672,91364,Sao Paulo,SP
7a79cd4f15b34c42b5f04ee7a03eddfa,83346,Belo Horizonte,MG
d75c7298229d44d5915da8b7ef4fd282,84700,BA City,BA
117a74e607e54a0f9a39804756beff23,53961,Rio de Janeiro,RJ
a254ae82f2d84e798de7efbb1f23eac4,90179,Porto Alegre,RS
9aebf7d5493740ecac7e42a3baaa1ac7,61573,SC City,SC
39a6221c2c004820b71a5c6c5c5952a8,55702,Sao Paulo,SP
de027af6985d4010873e102da8cbe450,46922,Porto Alegre,RS
c4a0b9c2e0e140fa95977a6bd5b10a41,64256,PE City,PE
6bee797da6364097b0c4f6d9a9b2cfd7,96174,Belo Horizonte,MG
9da90ce5450f497e90dfb622ec75665b,66967,Sao Paulo,SP
51098324865e4a5da7ec4216659f48b8,42507,Sao Paulo,SP
e9837a43e4c74900b8b104d4c54a859a,49129,Sao Paulo,SP
ae2f02f1c5de403597497949f4c28ecb,53307,Sao Paulo,SP
324efe96a4e74fe6a9324dcae94984d3,44304,Rio de Janeiro,RJ
4261798cc49e4574a5cea3b09e95e06f,48293,Sao Paulo,SP
b873f753c7244446b009b7063d442736,39020,Sao Paulo,SP
3cbbb79138c84a069a99ff79e470aac1,50290,Rio de Janeiro,RJ
4bc294ee5a5846e09dc2c28ba509c81e,43737,Rio de Janeiro,RJ
6d88f839ff214ca392d966ae4d1bb8de,19567,Belo Horizonte,MG
cf65b413f2a44c8cadda14e3c1c092d1,50023,Porto Alegre,RS
b6794cb941af4c2aa9913f1255c97040,90214,Sao Paulo,SP
f7a38bef2c7e443498febaa0f5a02c8f,25900,Sao Paulo,SP
9f71682a370b4a958be1d1c38fd7f3fb,61841,Sao Paulo,SP
5a764931fcd04f4da3d25151ad4ae9ed,84630,Rio de Janeiro,RJ
ec2f4ac7052a4f73bd6117b82fb57093,89099,Sao Paulo,SP
732076d452004f0fbf2aca31f426360a,87212,Porto Alegre,RS
73916028ed374ba9a121e6e6ed55db99,42058,Sao Paulo,SP
22043ea562a648c9a89734c5dabcbc0f,89621,PE City,PE
c22b963684e0437ba8e5297bbb552420,41779,Rio de Janeiro,RJ
08d8fd7dd51f457f888d8540a51a5713,43879,Rio de Janeiro,RJ
a11e4a6331bc4bee8ccaaf453139f537,46148,Curitiba,PR
ac619c490aa445c6936627750b37c974,85801,Porto Alegre,RS
99a72d49b49a4c469cb2a052e1525d0e,69099,Belo Horizonte,MG
92f744b2621e470682f5f0c905e07184,47367,PE City,PE
7c0136b69aa24cc284060ab98e6844fc,39676,Rio de Janeiro,RJ
fe89cd88a24348a7bc04aef4b67143b2,85355,Curitiba,PR
c138ad9c50fd4558a064b5f5c4ddf6b8,45342,Sao Paulo,SP
dce93797356d40b39d7d01001fe8898f,63728,SC City,SC
16ce07f55c74446c8add71357f1099f5,44576,Sao Paulo,SP
576c37a7005d43799ec5caeaa2ac7477,12251,Sao Paulo,SP
9e3191c5957a4a02b72c836cd98a4f69,78920,Belo Horizonte,MG
ac0f6eb43898466cb5724c90fba36682,98607,Sao Paulo,SP
c70e3c650a144dc6b14b90c34d9302e6,96164,Sao Paulo,SP
e7d35c882e134032801f8600c4fe196c,83578,Sao Paulo,SP
4c66859a8f954a8295b91ec90e92c5ae,32457,Belo Horizonte,MG
6c8092578e1140f08ff4e939b2602331,29150,BA City,BA
646a1545fe02466388c0985b980a18cc,39429,Belo Horizonte,MG
6ae2aa67ca2947f580e1bdf5c176c477,16257,SC City,SC
95e8a5e9e8914d66a3866966938d389b,87767,Rio de Janeiro,RJ
77ad6930b13647c9ba29b019c46308e9,53016,Sao Paulo,SP
668256d68a5f412cbce635be9dd05d95,75602,Sao Paulo,SP
7eb7d251c3864379a719ec1ee659dfe0,65067,Rio de Janeiro,RJ
69b99f24696a46209bd893cc15bca08c,26817,Sao Paulo,SP
1303014d07114304b65e619881e9096e,89356,Sao Paulo,SP
3b939fba12c34ac3a6c2474d633aa701,72525,Rio de Janeiro,RJ
c72238816e4945cabaa70ef4b005fc39,38642,Belo Horizonte,MG
794cf48e7346460e9207320de9b70d53,85447,Sao Paulo,SP
75535cadda814d3fbcb6571cbe0ae883,97688,Curitiba,PR
212d6a2d3af446948b7974c1ef62cdf4,79884,Porto Alegre,RS
0f7ee7cb3dcc4c87949ccb1f1678c566,94219,Porto Alegre,RS
9204fbeb14a841bfbfa3f37d05de59fd,78470,CE City,CE
bb787adaa2b1485a8065c9388b9b8d52,86367,Sao Paulo,SP
989d1b2b07e145108e5c4bdf7f71ea15,45338,Belo Horizonte,MG
2ebb1379261243a8b4ffabb61cccb3a1,23075,SC City,SC
34e66688f03c471dab7d8483fd4e6bcb,42660,Belo Horizonte,MG
ac372dc0bb3e470f92a8eff49a5e8589,30669,Curitiba,PR
e939d78178b349a79f9dc4a039a2ee88,23580,Sao Paulo,SP
ae1b6e44cf014834b27bdab5ade7dae5,11045,Belo Horizonte,MG
5939717c049e482eb71f284d30973171,84843,Sao Paulo,SP
a48171689eac4adca8cddae7e3847a30,68398,CE City,CE
c877e3bbe361499fa26b44b23b1b421c,26919,Curitiba,PR
401ce80df07c42fc8743fc9be468df33,18022,BA City,BA
aeb57b656a8d464cb175bee740634497,32719,Porto Alegre,RS
dfe08f4e2eea4a8690a75e19f205658c,25092,Sao Paulo,SP
1e525737b3d24768a055bc2aa4bee220,72749,Sao Paulo,SP
e18175bc9f51404895cb7d7699e66cca,15682,BA City,BA
c44443cf50c44ca58adfd6c7f296f8d8,72774,Sao Paulo,SP
6639bcfa3d3d4f0e8d06189634dcee01,52837,Sao Paulo,SP
b12d33c2b39844a384a02138a2ba5b30,49499,Belo Horizonte,MG
f4e6344d96ee4b95931543386b1fbeb8,77970,Rio de Janeiro,RJ
c4ca3f65ad01405784225a05caee533e,55579,Belo Horizonte,MG
f401fec9a2764aaf8ae4839fd5e47355,35259,Rio de Janeiro,RJ
a232fe1e21f146bfbeb4624833768b5b,47626,Porto Alegre,RS
73141a93510d4f3c96cd2616079ae1c8,92614,SC City,SC
7134c4c132354e0ba08e99939fbb996d,64106,Sao Paulo,SP
c7b39061f1b54e2bbe1c94850bb7b15c,58567,Sao Paulo,SP
e751a5a56457431b86cbc2fa878fb665,54129,Rio de Janeiro,RJ
84e9861a92e142ca9e4b9f4a36de99b2,71946,DF City,DF
653844202057429abdcee3ccc0a474d9,86756,Sao Paulo,SP
57610c2c1fff4a20a05ef5a92c7a2fbc,27289,Sao Paulo,SP
10fe118ed6ac4d93bebed8dee1c1849e,26470,Belo Horizonte,MG
0bd68cf5aceb4a7f8702fce733d8867b,14887,Sao Paulo,SP
2904632d88f44ee0a4a3db37a5180847,42038,DF City,DF
a7228135d379447baedee5b19e5b4f47,11331,BA City,BA
0f9e5e1e0fbf498b9e134568ce86757c,15624,Rio de Janeiro,RJ
e2e80bb4e34d4cd98dba697b038b2cbf,49553,Belo Horizonte,MG
356a01a137d747d8b436b6ebf8ac794a,46456,Sao Paulo,SP
d70e1b5fe1dd43f59ef5a9ba1acc81eb,84276,Porto Alegre,RS
4ff32601dd474562b254f7402cda7e20,66732,Porto Alegre,RS
90bac4989376461abd949711e58b914e,49896,Sao Paulo,SP
bd00bee025fe4b889d47bf55b1cd30fe,60004,Sao Paulo,SP
c14b879b708a4ee3b4e39c993694e648,18400,PE City,PE
c255035061a14898a977cc1eb94868d8,29448,Rio de Janeiro,RJ
7f20b22732914ba39cba6d245e6c73a2,90076,Belo Horizonte,MG
5c8a1fc0d37f43098c95c7f87e4b3106,39287,Sao Paulo,SP
a6aa32068cb7413ba6111de84459783d,84261,Sao Paulo,SP
331b3c0b1b6e45ffa2622c1755d3ce79,17157,SC City,SC
6c9f09ece2dc416885c445f7bdf5487e,13589,Sao Paulo,SP
b40fedfee30545eb92e61ea6c6e1d2cb,28538,Belo Horizonte,MG
6be3170b25ca486ebcdc63c7645c2e16,56631,Sao Paulo,SP
87db37e41c2d4bb1a045cee65b7a2691,23977,Sao Paulo,SP
5c128351170942eda0d177e96ce1b9ee,27873,PE City,PE
ea20187cc8b0497d850d93e5414915b2,25046,Belo Horizonte,MG
74a74fc6d53148e1b728b1826ad39cd3,36743,PE City,PE
15df1cfb75154e469a6373d075fcd89b,70485,PE City,PE
6223437ce31545b4bc1567ae74056af7,53688,DF City,DF
2a9ab177974d458e9aaf3145780417bb,61574,BA City,BA
3a80179efffa4c53ad35c7b87ab28009,56692,Sao Paulo,SP
7f5413cb391b403584cb293fe16d68ce,79306,PE City,PE
ae942b5dd975463794ad57693c50f148,87975,Sao Paulo,SP
0e655b37b9094fbcbc0d57ba01742bdf,61328,Sao Paulo,SP
245ee190780b4fcb9af042b967abcad1,34944,Sao Paulo,SP
619d403b049a497090fff89e3328975c,53354,Sao Paulo,SP
05dcb12438a34e799b531e9290ea2efa,86329,Belo Horizonte,MG
eae237c0e95149308b4c7c08192478d1,54221,Sao Paulo,SP
cab26d2d44f74959ae8eda8f0452b387,92313,Sao Paulo,SP
280d4a5a1f5749c49cfeed870fb310b4,98806,Rio de Janeiro,RJ
adb3890dcf3243c1b1f8a77ba601ae5d,71781,Rio de Janeiro,RJ
80d9152a24a14887b0e725c678e3f52b,10303,Curitiba,PR
2680dc7e3cc740da9d1dd3a98accd1f3,82794,Sao Paulo,SP
e214e5f6931e413f8082ddfb23040a1a,66392,Sao Paulo,SP
29197fe443414a7c80a700e4895d8a6a,20339,Sao Paulo,SP
0c7b423046534fa382f5ddd55048f1bc,85191,Sao Paulo,SP
e3a6fff7e6e84799bdb9b9411915e819,89886,Belo Horizonte,MG
8fb56b4f0cd54dca82b004af0e412d8a,38626,Rio de Janeiro,RJ
ca281dce86d645349bdca3344537466f,19015,Sao Paulo,SP
00a57efbc4da4343a9fbf87def557634,44221,Sao Paulo,SP
2195b6e521954fb292875aef91512543,57250,Sao Paulo,SP
32ec5b6242114e97aaa97b23298824aa,82423,CE City,CE
f6b9c4f670dd4246a57a8e32a4aaace2,49104,Sao Paulo,SP
415bf6c11c96418387ad526321941ad0,34792,SC City,SC
56339afc80444fbbb534158010fc4587,43996,Porto Alegre,RS
49d555a6a6d64131943f53cfdfc9efda,52894,Sao Paulo,SP
5327fe80c9774ea79b6a79d22a92ca18,61976,CE City,CE
7d8cf575030d43649649e0f5f701c3f8,60841,Curitiba,PR
aba87099dc1d4ef49de423607cf1b43b,39004,Porto Alegre,RS
67e28fdb110d44728fc67d26f5a6de80,21094,Sao Paulo,SP
6822c117b62b461ab66a7d7ed90e4c48,19499,Rio de Janeiro,RJ
006880b76f1e4b28a287f74ea1200335,39205,Sao Paulo,SP
57f2d4ac7421436abb9c47fc2de8cec6,81046,Sao Paulo,SP
0a72132402c243a9819eb1e4c589d5ce,82185,SC City,SC
ae3290ea4b1f406d8749accff66c12b8,58625,BA City,BA
558c389e0e8f423b98b0ee7f86ad72c2,16299,Sao Paulo,SP
93072422960943a799a44bfd60d8bff8,36830,Curitiba,PR
34bc8b39ec4546ca86111689c8810a7a,48879,Porto Alegre,RS
39cbad23d2da44cfb755cc0784fbf7a7,34060,Sao Paulo,SP
73d02aac12984dd4aada21d4b957d42a,34968,Rio de Janeiro,RJ
207a910554cd47f3bc1e5f18b1e4e884,63398,Rio de Janeiro,RJ
786fd835f7154aa7b6e73d334a66854b,30653,Curitiba,PR
6067fd101a254d2f840165caf4c70e97,97916,SC City,SC
ff5d984b3937423889952bfb0c695159,27790,Sao Paulo,SP
2fe57d78fd9a4535bde6c4e658a54bfd,14389,Belo Horizonte,MG
814597db1d1e4b989e91ac18d6417a98,42592,Curitiba,PR
f3a4393ed00d40ccb3dfb99b22f4b691,35546,Curitiba,PR
8ea1db3f4e2840cdbcf52112360a2f76,50635,Sao Paulo,SP
348927ca8c764968a9f072685a1e4db3,69967,Rio de Janeiro,RJ
6930fcdaf9cb4b61bf8b49948bb64982,48371,SC City,SC
a9985e020d884130ad19e37057d1ce18,34000,Sao Paulo,SP
f071eb26df75409bb8bb891a62b01887,44750,Rio de Janeiro,RJ
10a9a54c8d65498383ebbb4c65e565f4,63290,Curitiba,PR
28239375a5e34148815553cfcd472855,37251,Sao Paulo,SP
4513d3e9335a440cad8f39c7bf7ae461,95986,SC City,SC
2bbffae77fad462b9fe7186bacd746d2,24127,Sao Paulo,SP
0679aaca861243e08c111041d36ddd89,12453,Sao Paulo,SP
508b690c90844c4fabad9ba34ea75278,49486,Sao Paulo,SP
8adf439da9f046c6a6c2e33470fba708,40407,Sao Paulo,SP
0a4367256f9a487d8ab4903ca5dc7ed4,96938,Sao Paulo,SP
88498152e03d4c83bdaf6a993ec5455f,69082,Porto Alegre,RS
e0287be31a9e423a86cb91944776a43a,85949,Sao Paulo,SP
0ba8f82f5a2c48f3abf7e2699f2692a7,64484,PE City,PE
f2ec074d6b8c4ec5a44357324d1bed4d,76117,Rio de Janeiro,RJ
398125bd7f054494844554029c9042ff,98447,Rio de Janeiro,RJ
1f4f24e5ae6f4778a83039d9c1ef019f,96249,Rio de Janeiro,RJ
b84162fb59fe497d882a2e76b5963637,61936,Porto Alegre,RS
80502425ff1c46ef9f3b2ce6762c2e34,80814,Rio de Janeiro,RJ
6623273ebd414c5995c2938c00b14396,13672,Sao Paulo,SP
381c8fad3e1e4750addc89682043bdbe,14282,BA City,BA
0a42f39090bf445cb255051c02f98327,82373,Rio de Janeiro,RJ
c02c9336ef034dff9089d205918eab6a,95344,Sao Paulo,SP
3f14a7b47e9944b3abbf7e05bd160050,51129,Rio de Janeiro,RJ
521fa5062cdf41d88ab5cc83eca4aa5c,28463,Belo Horizonte,MG
52b52633cd1d4ea080c0e10bce3bd930,84590,Sao Paulo,SP
9751ca8402434b309b1013ed428bd263,46776,Curitiba,PR
ca9bbdcccb0947c1bfb5f966fa2eec4a,59994,Belo Horizonte,MG
115cf1d39aa440be8d4175c488f53f17,86358,Belo Horizonte,MG
0a4f7b45f2f24cd29774fbf6a10b4f13,16569,Rio de Janeiro,RJ
60b227d898574d8a93718837555156cf,30052,DF City,DF
f16d701df7f84b06af3f38b15e76a1b7,95697,Sao Paulo,SP
39fd84741dd84b1a940b86577b2021ed,21753,Belo Horizonte,MG
e306983651bc4d3981a6f362508ee18f,94755,Sao Paulo,SP
6065eb8b3fef47a28140bdb25e9fb1b5,96856,Porto Alegre,RS
1132b310e9a94a968366c310166279dc,73870,Sao Paulo,SP
7cda62b3fb3746bdae7e837cf4be0032,67429,Sao Paulo,SP
3e245306c6314f2e8974f490773b9927,47492,SC City,SC
a66e5ede35714c76a1a840794bdb2f0d,18442,Rio de Janeiro,RJ
c1814fb770324805a3af87fc80825fec,71055,Sao Paulo,SP
042c9089fd6c424baab9fd40bfdf85fc,44536,Belo Horizonte,MG
b6a714b245c54a6ab43e023d52dc87cd,34683,Porto Alegre,RS
6338d5b524a741f59e4b4eaa4098819f,14920,Sao Paulo,SP
75f23e383bda4f47816fc07035d7c57d,49596,Sao Paulo,SP
e809585119814dd586b33a3810b5e433,37241,DF City,DF
d8dcf2626ee5451b89d1348ff0965e0a,51751,Belo Horizonte,MG
d643d22cb6c3477292a747b839246ecc,17660,Sao Paulo,SP
045466e263a64f478c8a7d2da8697ce5,30337,Curitiba,PR
1660fbc7fa7645898bbc47c0d353715c,39934,Rio de Janeiro,RJ
730273b8ae2248f59b844bcdecb2ba0b,80328,Sao Paulo,SP
f8ceae40038449f3950ccd8ef146e05e,58052,Sao Paulo,SP
3f02dcae919a4c968e2d6de4cd0c2ca7,16151,Sao Paulo,SP
35b1996e515643cfaa8916fa51f9c4e8,31413,SC City,SC
fb0079d767b64b6e932c19161a7145be,31231,Sao Paulo,SP
8132bbaed53f4db893229a5c180465f4,83280,Sao Paulo,SP
7bb92cf1eb6d456fbe9a811185f9f1e1,89888,BA City,BA
0091db4924e948e99dd187da687872cf,46743,Sao Paulo,SP
6003dbbd58fd4eb4ba250a2d8a344bf3,65328,Belo Horizonte,MG
12fd3810f3984550b3d36de8c6afc814,61228,Sao Paulo,SP
ff2133e4ec934033bda0ca6b940efead,54346,Belo Horizonte,MG
d9d06b70c26c49c491450be97910034e,33746,Sao Paulo,SP
eabb3aa599344f71bb2946b5bc0cd8b9,68779,Sao Paulo,SP
4f17bb6972b34bd798727f67c273e7e9,54141,Belo Horizonte,MG
10b764f9a7054f36b192496a8544edb6,30903,Porto Alegre,RS
da4a91c67192434db61e17393ac35fcf,36079,Porto Alegre,RS
cf0ce65294d24c5c81d0feb6a63687b9,36350,Belo Horizonte,MG
5814d6be86474e25866ce3faec244d64,27495,Rio de Janeiro,RJ
fbc3a88aa9d44463a75532ff9d072f9b,78198,Rio de Janeiro,RJ
228a1f7095f146f2aaf78c044ee1b712,30095,Belo Horizonte,MG
98ebe7b72bb64c8c942af9c104a880d4,91737,Porto Alegre,RS
7e8c287b841746cc8ecc0e1b2ffd6b9b,40641,Belo Horizonte,MG
3cb1604cd52f42c4bfcbb339ec523f75,11221,Belo Horizonte,MG
adc8f24425a44a3abb706be62021d64f,27864,Sao Paulo,SP
621a72df22284911902e7d127a2a05f0,12128,Sao Paulo,SP
e507dccf02d84fb3a3fb0bd4ef1353bc,27621,Sao Paulo,SP
998a301a2f494f9b8dd4c99a64c93949,53278,PE City,PE
0f85234770c04d5baab2cb290a7a1a5e,62595,Curitiba,PR
54fe538785ee4f22a1b1fb343bd4bcb5,85185,Rio de Janeiro,RJ
96db55d4505b49a7a0903eed8981f807,24130,Sao Paulo,SP
5bc185a60253450daf0a2284c94ba4a8,38249,Sao Paulo,SP
b4e617a20cfd47028c8b087ac023e922,36792,BA City,BA
876ebf060cbf4a4a9274a7379f4b3bba,11305,BA City,BA
39c9dc5f66e14ce6be5ef11b07c5755f,40110,Sao Paulo,SP
7856743674be48708bc099791f8a2de5,12879,Curitiba,PR
9651932e28874bcc91ec9a8cbff24db9,38765,Rio de Janeiro,RJ
509b343d176a4a4289a7d81d91ed9591,35856,Sao Paulo,SP
c6d312b36e134fe893084b68adbeded4,43244,Porto Alegre,RS
7d1c610164c84886a0df25dd53333784,63515,Belo Horizonte,MG
b0762a823f0f444ab19a94858fcf3535,71400,Curitiba,PR
6508870901774b5b9ebf9708372808e1,67799,Sao Paulo,SP
daf024a27bf44238baab2115b0174201,18876,Sao Paulo,SP
1530360332a24dbd9dacd5787ef8c2db,26102,Sao Paulo,SP
151e1da3639849c0a04ed4c24bb38327,97861,Sao Paulo,SP
35c29a74045e480a804e483942d9ce22,66069,Rio de Janeiro,RJ
f0b7a3bf0f164b8d8df3c3fe7851b210,69807,Sao Paulo,SP
ce51b0d4638840b1a0d2945c58261dc3,57867,Rio de Janeiro,RJ
d721dea4b9be4f9cbcce6f48fb8ed667,11403,Sao Paulo,SP
b7d7a3aa81024f53b61c208322e80f00,67349,Porto Alegre,RS
083e250b151147e0b524a500121a6bd9,65950,Belo Horizonte,MG
d9c51ea323084600b74b02a217e70536,28611,Belo Horizonte,MG
682fe67768b147ddbea43d4d07c4c234,72703,Sao Paulo,SP
f3fa10dcd2114c2e9ec6fb17119c472e,89910,Sao Paulo,SP
35916d79097d48c69b82fc2784b22b5e,89948,Sao Paulo,SP
fd0269b88eb6471fa1d5411256e5b19b,55530,Sao Paulo,SP
4c9a6e5bdb934fb286219b75d7c5a79f,51312,Sao Paulo,SP
20c1541b7d9e4999b66a8ee2f5967649,42653,Sao Paulo,SP
2e3fa2521c1042efb1e77083c1096297,17427,Belo Horizonte,MG
e5c41bead9a74d48bac54c5ee50b4f80,32748,CE City,CE
f891fd3c392643f992378509c5447354,46437,Sao Paulo,SP
9843c06e0f4f4eae89459aa493565c0b,94116,SC City,SC
f3bc6008b6b04fd7bf60f77ecd8e08b8,58522,Sao Paulo,SP
238e9b286ff24456b377c385a42822ab,37604,Belo Horizonte,MG
9ce7fd819d9947ac857f500e2517fafd,17346,Belo Horizonte,MG
1d258946e43f4977810a073d006bedf3,20255,PE City,PE
212b13e72bc242278d880dc2ecfe34fc,32680,Sao Paulo,SP
ffe0378377354a09b6af3ed0a531d827,40255,Sao Paulo,SP
10b253397fa342b190b4979ac765ed0f,86247,Sao Paulo,SP
7f1ada2b481640d8a6e76f9c63242dc9,82892,Sao Paulo,SP
16558bc2e4184eef8976e4ca44f9c956,43857,PE City,PE
dce190c34584488cb3683f92355bcab8,73915,Curitiba,PR
dd4397856e8e42af9f83288543a4536f,32364,Porto Alegre,RS
2e4a5515033c44f797047f629f128cb6,40800,Rio de Janeiro,RJ
3552dd34a4444df898d2e0076ef1fbad,13806,BA City,BA
805f9bb5a88c401e9b035a031e06d7f8,38414,Rio de Janeiro,RJ
ce5e1409c8e74e8894037fda91bd94c1,45501,Sao Paulo,SP
a91c5c29dc4e4254bb64dd935ba1167b,27276,SC City,SC
29bb687ff77a42038373dfaba875736b,16116,Sao Paulo,SP
cd4b0a804b274ea480616194672b26b9,26653,Sao Paulo,SP
0830ccfdbaaa4d629bf30ff2ea37704e,80802,Sao Paulo,SP
381184a21591432badd92c8e463b599b,48797,Belo Horizonte,MG
191f16c134c5477cb4f8fd621764548b,70090,Belo Horizonte,MG
71b820f65e324ea38c9f31ec34397ac6,18926,Sao Paulo,SP
6924d8d0d1a743fbbd83d0887687d95c,86221,Porto Alegre,RS
52d4ac1d94564c7eb303e9ca401e7d24,12147,Curitiba,PR
1d9075bc21b24322a5ea2ab394cd8763,21910,PE City,PE
236416c3e4be463d847d2fc5abbcc6f8,69535,Belo Horizonte,MG
5f824c62971b4bad967756392a2abfc0,31370,Curitiba,PR
a22ab5e355be415e833257d66154f5bc,31418,Curitiba,PR
1ed0ac4caea042dd9c22c816a4c29c5b,96758,Sao Paulo,SP
5fe0fdfab1d2482685c344096672365e,27354,Sao Paulo,SP
8665b01e07534d41b33290e2a3e94650,48361,Rio de Janeiro,RJ
ab18fbbc07ca4c4dbf44aa8dcef3fd05,16831,Sao Paulo,SP
79c2da36e9ef47e09b1f7de7f07a52ae,58929,Sao Paulo,SP
9097a66b15234c51a52e074dcd072c5e,17666,Rio de Janeiro,RJ
3764a986752148f492e6273dad0d2088,67586,Sao Paulo,SP
8b128d37c0fe459c88014ef44caf4cbf,64209,Sao Paulo,SP
113151dc4cc04aa885fff9e80fa8d9c6,43940,Rio de Janeiro,RJ
532d4b5d6019454aa61af47b49829a51,96580,Porto Alegre,RS
fc60ce1233d6498a893c894ddec490e1,81626,SC City,SC
0ea2c61a3f5c403ea3b3b04d6f72d34a,70629,Rio de Janeiro,RJ
28d0b15a99284811b3a041e9fc8b58c7,23315,Rio de Janeiro,RJ
b930d65b82cc43cd8729432388534c55,72427,Sao Paulo,SP
0d9b8c793d2344e8865d7bccd8076cb1,94173,Sao Paulo,SP
17cd53cfdfed4480a2cf423fcb5db45e,93369,Sao Paulo,SP
b6a1ea0b77db46cdafeb6d4c38d1aabd,74905,Curitiba,PR
920f681a06bc4cabaa3cd7ecd3fbfb2e,52089,Rio de Janeiro,RJ
83d86eba6f10474bb30f6323e2dc18eb,44137,Curitiba,PR
25ab5075948b42dfbf8f972fd8249a54,64253,Porto Alegre,RS
1035dc81075b4a5a9540a2419127333a,23876,Sao Paulo,SP
12d75d4005b5495c8fef0f61c3d5b59b,91565,Rio de Janeiro,RJ
4436f79e13894de88af28d4495fbe8c8,88737,Rio de Janeiro,RJ
5be1727089464ab38bc2ec79948b18f5,33970,Rio de Janeiro,RJ
a78bc590c182420fa0bc454e23bbb620,44564,Rio de Janeiro,RJ
77aae2c0d5384a309ab8b085defa44e1,16559,CE City,CE
6bb3fc4bdfc943ffa51c515dcc2ff738,60635,SC City,SC
387cd1257adc42b7843bc66866e5b2e1,57154,PE City,PE
bec5949a0e924694a29db684560042bd,93862,Sao Paulo,SP
45783c698133418f898f75d67a8cf021,80991,Sao Paulo,SP
dfa97cbeb6eb4b72a19c401cdd03f788,39804,Sao Paulo,SP
0b019b4b00c64163bbc57bacbcb08480,80362,Sao Paulo,SP
191dacaaa47f49b9aacc37698c3fea65,67764,Rio de Janeiro,RJ
fee673d5487e46de8c08699f4ee07d60,30196,Belo Horizonte,MG
704f68f8133a43c0a932428c9533b92c,98819,Rio de Janeiro,RJ
4a6a667a59b04b559700601a6e284f43,71493,PE City,PE
deae3ca03537474c81ab9e2bc4baf2f6,92434,PE City,PE
83d6ffdd4b2947d7a0cd8c873a9b2d48,29442,Sao Paulo,SP
7f98b0dd1b78409084a852ea0ecbe1a7,54496,SC City,SC
eaa9fc490680457db155773b509e1177,76294,Rio de Janeiro,RJ
d46a57df3bbb4c67b9f268ce9381a81c,18400,Rio de Janeiro,RJ
3d6bb6d48bc14c1badd30d94c8756f40,33577,Curitiba,PR
a908cc7b997040c18b0f6c64bd659d13,30388,Sao Paulo,SP
55be5890d6054796ae68ddc9dd26b7db,51504,BA City,BA
030ed3e2bc4e4cb5820e2ac6c14d7e8e,88485,Belo Horizonte,MG
d6f2040a2e574b2682b146478ab7f1b2,15256,BA City,BA
e7bd8d0e7e7d4ee28606a8c80ca19d65,86668,CE City,CE
a82e462a7c2e4fb98e0fa12e8daa85fb,54989,Rio de Janeiro,RJ
56d05ed8c2fd4359ae5a1080e960fdc4,60499,Sao Paulo,SP
c7b00d14ff7c44de806b969de6eec581,61668,Sao Paulo,SP
cfd1a454017c4643ba870aba0248d927,79963,Sao Paulo,SP
0fa445320b0c48848a8c15c78fa4d82c,46929,Sao Paulo,SP
2a88abfedccd4f468ae92ccff5281c20,43386,SC City,SC
2dc3074f11f44d8fa1d334418157dbb1,76470,Sao Paulo,SP
0b6c286def6e48048a03cc66ac0ac04f,29324,CE City,CE
0868fe64ab414f5a8cb3762a9d3000f0,42427,Porto Alegre,RS
8c835281c0dd489c99df1f12bb5d3245,73631,Sao Paulo,SP
84e7ee120a704d99aaac30333a89cd13,42650,Rio de Janeiro,RJ
cd05a2a8f9224c4aa319bc9e887d5a71,92208,Rio de Janeiro,RJ
2740eddfeacc4558bc8ebd18283897c8,34592,Rio de Janeiro,RJ
1a0654b2ec9e4081983691bde4d763fb,69161,Rio de Janeiro,RJ
b800d04ea6854850b12c8887df0d30a1,85157,Sao Paulo,SP
6ebb00e45d3545a1b7cd4857f2cf2c22,20001,Porto Alegre,RS
3ef68aa760c84bd69cc6a7530069f956,34419,Rio de Janeiro,RJ
48da1e9745ac4d358942fe07642775f7,23071,Curitiba,PR
e9d9fbb6a19f4b078b0e9bbbe77eb1b2,27038,SC City,SC
5fae252b2d244d86827c27ebb000933b,21080,Sao Paulo,SP
4075010ffebb46ac9fbbe39b6f291383,21265,Sao Paulo,SP
4388ea3b24314c009722f46df4c8db2a,16179,Porto Alegre,RS
363e12878fdd4487bb3339bb67fbd977,25627,CE City,CE
8649cf3c79bf42a4851c42b53345c9a4,79588,Rio de Janeiro,RJ
4ae2cc948cac4312a9f728ace374c5b6,70016,Sao Paulo,SP
4fc7d12dfb36470d9d80b2d4379de343,77307,Sao Paulo,SP
fc676685d5b64b35ba7f92d3040797ce,15500,Sao Paulo,SP
a03cfcc9e9f2490f8e416691581d9eb3,40894,Sao Paulo,SP
59ed169a21e845ebb853c31b019c7bfd,55436,Rio de Janeiro,RJ
3c684ebf581a438db250f8b35e64c02d,82456,Belo Horizonte,MG
f742988ccf8a4cb3a5f909cbc959a824,64516,Sao Paulo,SP
2604631f75d14d96a70bb4bad097decd,90503,Sao Paulo,SP
3c3241907d9740d8a5d067eceb58d55b,16553,Sao Paulo,SP
0854054b952a45daad5219da0e576b29,97767,SC City,SC
929c3aa77f044f78a094f7e2688638c6,19690,Rio de Janeiro,RJ
0577fb26fbb14a7b9fdc1b4390cf1694,69561,DF City,DF
1d28acb4c7d14a3684f37dac62232cc0,16485,Rio de Janeiro,RJ
b971da0113ca4c8084d1b1823dcfe83f,73534,Sao Paulo,SP
e4a0af2ad18a4b6bb9af151361e34133,48187,Sao Paulo,SP
be1ef13f316b44b49c1d6c52a218c182,14725,Porto Alegre,RS
4e52b34b9fc24dc08af7c2c8a7192643,92480,Rio de Janeiro,RJ
6b38fc24e028473ab72c83f1797c3d46,39561,Belo Horizonte,MG
d659901bdac443a2842aa596e15c40bd,88415,Curitiba,PR
e10aa6c6f0b04cc38565f19c43c9d04c,29798,Porto Alegre,RS
6b7dbb13169d4d0c96d4f6980f9d4478,56205,Sao Paulo,SP
5d4201afee444a5bbcd6d5aa45424176,23574,Curitiba,PR
01b5d8714f9d4b0a8781cf54dd690c34,87038,Rio de Janeiro,RJ
3d7d5685e01e4d7aaf20748e0f3b8e54,91189,Sao Paulo,SP
b5136048016d4d92b481fe4a3146f9c9,90904,Rio de Janeiro,RJ
cd499d58e5774802ae14fb2285f51370,43006,Belo Horizonte,MG
87998801c63444de919587a5a52f2ca8,56525,Sao Paulo,SP
a687a5e9b2d341c897a888e92dd717dc,33357,Sao Paulo,SP
8377a34620844336ab38746ccb3888bd,88404,Sao Paulo,SP
60ae351b6bf149108f685d559ff3b65a,51725,Sao Paulo,SP
5e0e5ff61f4843a2b41416454e433c8c,24338,Sao Paulo,SP
2e41a0622e754f5d8ec595e7ff12b755,74748,Sao Paulo,SP
b242be9152404914937cef044edb481b,23372,Sao Paulo,SP
558df0832bae4c208f1388c3e6f8cad1,32631,Sao Paulo,SP
63ce3a5beef84d79b0936958da7462d4,33003,BA City,BA
060c73eafc4341959c222decfe0c6fb5,28625,Sao Paulo,SP
a9c4ce0866f14307873211e1ef153561,74517,Sao Paulo,SP
ba2575a602694d7291882e2543ba0c5d,60831,Sao Paulo,SP
e02110136eac42a58a79714648aa8388,43361,Curitiba,PR
0092db8f05e6476fba7d282834465ce8,42738,Sao Paulo,SP
8ec8b38ee05a4fce878a3860625fddcf,38876,Sao Paulo,SP
afd5964f6a6b406bb0ec8371fb960009,83080,Sao Paulo,SP
d4b9c28509e94bc0b702c4f1fa77efe2,69559,CE City,CE
7af8165bc3294b0e8c3d52e7c8d8a229,33827,Belo Horizonte,MG
d2cddbfb94044ed99acec88154034467,31436,Sao Paulo,SP
4203cef932f54b8b9acfcc2182c8e794,12813,Sao Paulo,SP
32ecde4fdc804bf79c2235fef7b06731,57279,Sao Paulo,SP
673ff56de6a34a3db2b4532a14879ae9,47914,Sao Paulo,SP
1623320973ab454ab06e90784ea73cb0,29615,Curitiba,PR
d62ac98a000647ab8901df3c1e28666a,28919,Rio de Janeiro,RJ
1f91fc0adc8d4e44830f501560d68b33,24809,Belo Horizonte,MG
ba306f740bb04be090a7b6139a88077a,59241,Sao Paulo,SP
c7a844c4f8fb4a739adad8cdcb87be56,33088,Rio de Janeiro,RJ
4bbb26b41d2345e8b43ae83d140f61e4,59398,Sao Paulo,SP
76b5ae6cb3e64c1389d09714d9060974,99014,Sao Paulo,SP
1839e8af583d483f80e96ae74e8f2d43,52008,Belo Horizonte,MG
99a45eb3a56347bd9deb02b513274fc0,99797,Sao Paulo,SP
d399ae0cfa194d25958514fa1a721097,44166,Belo Horizonte,MG
17c605de848746bda5010d3e3744d8c0,87477,SC City,SC
33b34ce8e3dd4e28940f5ea7510caa0c,94678,Sao Paulo,SP
f03d079790e946a2b442cafef6d9bf19,60135,BA City,BA
10de752d9581477d97e00a6a5bb98fec,35212,Sao Paulo,SP
19cf1e5a0dc441ceab07cc486aecd257,35598,Sao Paulo,SP
244acf4863c14a80afc2aed5351b9e86,10197,Belo Horizonte,MG
e81c6f79a11647b9a8a633aeac0af6dd,80723,Rio de Janeiro,RJ
ea8dc0ce1e2e4f03b9ec2922e371b91b,35624,Sao Paulo,SP
512f55e57fab471eb9d450cfddde1320,36523,Curitiba,PR
6c26a92d12cf49689a175103b43b30f3,47997,CE City,CE
e7789b57c8394949b03998a6d101a06a,48591,Sao Paulo,SP
49d6b4962e314ba782c23ad4767c60d3,49589,BA City,BA
f8fe13e985914f36a56cc2548dba7fa7,68041,Rio de Janeiro,RJ
0b6ad7b014b044b69a52f6c39f6cc1db,12427,PE City,PE
cd57318b3e7346378f4cb8fc76dea10f,49941,Sao Paulo,SP
670a33888a3149dcabc9bebdc38d3b2a,75824,Curitiba,PR
0c49b1a4aaa24876b902ef1f5de0fbd8,77969,Sao Paulo,SP
07be55d0e1784781b4503392386969c8,75417,BA City,BA
62be31e286e147bdb2bcd5c18e77bfe5,76659,Belo Horizonte,MG
11a8dbbea4704e20b48a2417852dbb18,88541,Sao Paulo,SP
73f69f4533314287863ab5aaf9a42443,86036,Sao Paulo,SP
b7b61fd0470148c0979b2e993aa4da3e,53331,SC City,SC
73cae9f568a14912919b72a0ae8e1e00,11539,Belo Horizonte,MG
1243d1864a92403da7f9fc55dc6c217d,45515,Sao Paulo,SP
2b56bd8896ae40bcaf1ebe0e72af0d8c,70899,Rio de Janeiro,RJ
008ded9059664750a521b402d54980e2,12727,SC City,SC
5d329de6d0fa41828318d4b75604530e,31785,Sao Paulo,SP
367a46077c6b462da19c49ce42ae9962,11353,Sao Paulo,SP
5dd65d4db9f5445aafc9c2236e41d4c1,59045,PE City,PE
12f7a61e656247859fbfa7ac23bfe53e,90458,Sao Paulo,SP
4c94ffb49b6d4c9190ad62177589935f,99537,Sao Paulo,SP
5f8bb8c6299446599a321a902ba27610,59482,Sao Paulo,SP
312d97a4bffb44268507f2d3b6cd4811,76517,BA City,BA
79fb9cab9e314734840c1b2851a0b192,99699,Sao Paulo,SP
57882cfa0ad74771884d5d04bf952352,55791,Belo Horizonte,MG
34e20cdd69d145c4a94cc9eedbd32b87,19354,BA City,BA
fc55f225700544408c38f327eb5c140d,90226,Sao Paulo,SP
00d3ba82029a4ca989476d97c67e5a23,51054,SC City,SC
dc0040c1e9fa46409470ee8f36e9502c,34833,Sao Paulo,SP
447c9439893e48759f77feb6e6f6282f,99374,Belo Horizonte,MG
7f49175c41ee4161a5d5a32ed7576186,68745,Sao Paulo,SP
71dba689f8ad4b9aa5871a35ab0dba91,75121,Porto Alegre,RS
ae184afc3a654feeb59ed51bccea7f54,43735,Sao Paulo,SP
479074b98b164d8e902ad0f9b67f62d6,91777,Sao Paulo,SP
e26ed74b2f7d42b0876b4022d8565e49,33810,DF City,DF
76ea18d130e243d980475aeaef613d10,62069,Sao Paulo,SP
7942aa83e3be4c25972af3b2a8d54882,65985,SC City,SC
4ad69b12d3af4e1697feff6b584ac907,93186,Sao Paulo,SP
9b39485c236547fabc36cb3392f8edac,96236,Sao Paulo,SP
6812523280434496a1324198adf49f63,37420,SC City,SC
6f859a70fe774bd580808647a5a55c93,30966,Sao Paulo,SP
bd639cc590c7459cbbeeaf0cba6898bf,88346,BA City,BA
50e35d8e469d409a9688abe12016920f,51488,Rio de Janeiro,RJ
498b117165f84de8882182de99b7942c,64278,Sao Paulo,SP
a60edab3728041d0b99012ebe7adc7e6,40562,Belo Horizonte,MG
7332ab9db0f0410ca0cf8c921595515f,45128,Sao Paulo,SP
040c9f220e50467c8d9456e425c4c49e,34246,Sao Paulo,SP
187736853b9e4508afef1cb4f9f82ab3,69290,Porto Alegre,RS
1a517fbd71d843b7820b699869ed0b2d,75274,Sao Paulo,SP
244a44270be34007b5386007062abf55,72149,Sao Paulo,SP
5d97809a6ecc4382a3e3f7f9c11cb07f,51799,Curitiba,PR
28f5d8a75c06449d97274c61b1197731,32347,Curitiba,PR
97ffb4b87bc34ec695c0775c1542772f,30973,Rio de Janeiro,RJ
3ae13cc0f75043a4874b3e8b1c1cb823,57014,Rio de Janeiro,RJ
dc57f840ab5d4e289db19c9796c86444,84349,Porto Alegre,RS
98eeb489b16b4cf98ee5abaa4cca9ebb,30134,Rio de Janeiro,RJ
99e390610e694615bea1a08a2cd1465d,12298,Sao Paulo,SP
cf2e375781ea4163b249cb888ffdeba2,64835,CE City,CE
711e2bd4332e4e818660230ee98d9135,20558,Sao Paulo,SP
3130647d868349deaa0f4dec521ff5a8,62345,Belo Horizonte,MG
78938d8986b146099fc397c79950cc1b,55782,BA City,BA
1c3c10ae993e43c1beee4fe8f629da41,81137,Porto Alegre,RS
811ca3f78d914f6f969bee4f5a14fc25,20972,BA City,BA
c1a15a698aa74c61a2868a1255b321bf,28580,Sao Paulo,SP
7b0f4ecf72564e34a2eabeaa6716d1ca,89244,Sao Paulo,SP
631469ecf98649ada02f947abccec140,27540,SC City,SC
45b9bbaa867c470abac0fb93095d0d13,13640,Sao Paulo,SP
bd5b88a3fcf6440493cffb9fa6cae7e5,95736,Porto Alegre,RS
f7725034ad8b40eb97287503785c8294,58350,Sao Paulo,SP
654fcaea35b74d66aff7ffe21135817f,85065,Curitiba,PR
52ab371c040f41279a09aa47ff996fa2,30665,Rio de Janeiro,RJ
7a8a594d417141a0af5deb61ad656988,29779,Sao Paulo,SP
8b226af3144a4150b1a461bb31942058,87663,Rio de Janeiro,RJ
3d33eaf3a901452dbe3dd914472afdfa,47465,Porto Alegre,RS
0f80b4f839964e84a635030eed4ee49a,25338,Sao Paulo,SP
bc1c6b27120449bbb2bc64268df1b805,19350,Belo Horizonte,MG
171f59a4b3f74241b147e679386ea3dc,52281,Rio de Janeiro,RJ
c90d9110aafb46bd937321349877c523,63806,Sao Paulo,SP
0924d7c9b9ff48cb80066c0c288ba4bd,38621,Curitiba,PR
